,PHAL,PHAR,PHBL,PHBR,R2BL,R2BR,R3BR,R4BL,R4BR,R8AL,R8AR,R8BL,R8BR,R9AL,R9AR,R1BL,R1BR,R3BL,R5BL,R5BR,R6AL,R6AR,R6BL,R6BR,R7AL,R7AR,R7BL,R7BR,R9BL,R9BR,R1AL,R1AR,R2AL,R2AR,R3AL,R3AR,R4AL,R4AR,R5AL,R5AR,HOA,HOB,PCAL,PCAR,PCBL,PCBR,PCCL,PCCR,SPCL,SPCR,SPDL,SPDR,SPVL,SPVR,LUAL,LUAR,CP07,CP08,CP09,CA02,CA03,CA04,CA05,CA06,PVY,PVX,PVV,PDA,PDB,PDC,AS11,PVZ,CP01,CP02,CP03,CP04,CP05,CP06,DX1,DX2,DX3,DVB,DVC,DVE,DVF,EF1,EF2,EF3,AVG,AVL,PVS,PVU,PVT,AN3a,AN3b,PVNL,PVNR,CA07,CA08,CA09,PGA,PHCL,PHCR,ALNL,ALNR,PLML,PLMR,PLNL,PLNR,PQR,PVM,PVDL,PVDR,PDEL,PDER,PVR,AVKL,AVKR,DVA,PVWL,PVWR,AN1a,AN1b,AN2a,AN2b,PVQL,PVQR,AVAL,AVAR,AVBL,AVBR,AVDL,AVDR,PVCL,PVCR,DA04,DA05,DA06,DA07,DA08,DA09,DB03,DB04,DB05,DB06,DB07,DD03,DD04,DD05,DD06,AS08,AS09,AS10,VA08,VA09,VA10,VA11,VA12,VB05,VB06,VB07,VB08,VB09,VB10,VB11,VD09,VD10,VD11,VD12,VD13
PHAL,,18,1,,,,41,,,3,13,,,9,,,,21,,,,,,,,,,,,,,,,,,,,,,,,,,,,,,,,,,,,,26,,5,,,,,,,,,43,,,,,,,,,,,,,3,,,,,,,,,44,,,,,,,,,,,,,,17,,,,,,,,,,,,,,,,,,,,,,,,,,8,,,,,,21,,,,,,8,,,,,,,,,,,,,,,,,,,,,,,,,,,,,,
PHAR,4,,,20,,,3,,,7,6,,,,,,2,1,,,,,,6,,,,,60,,,,,,,,,,,,,,2,2,,,,,,,,,,,2,6,21,,,,,,,,3,23,,1,,,,27,,,,,,,,,,,,,,44,37,,4,,,,,5,,,,,,,,,,,,,,,,,,,,,,,,,11,,,,,,,,1,4,,,,,,,15,,,,,,1,,,,,,,,,,,,,,,,,,,,,,,,,,,,,
PHBL,10,,,7,,,24,,,2,,,,3,,,,,,,,,,,,,,,,,,,,,,,,,,,4,8,,,,,,,,,,,,,13,,,,,,,,,,9,23,,,,,,,,,,,,,13,,4,,,3,1,,,24,8,,,,,,,,,,,,,,,,,,,,,1,,,,,,,,,,,,,8,,,,1,,,,,,,,,,,,,,,,,,,,,,,,,,,,,,,,,,,,,,,,,,,
PHBR,,7,5,,,,4,,,,,,,,6,,,,,,,,,,,,,,13,,,,,,,,,,,,7,,,11,,,,,,,,,,,6,2,6,,,,,,,,4,7,,,10,,,,,,,,,,,,,,,11,,9,24,,7,,,,,,,,,4,,,,,,,,,,,,,,,,,,,,,,,,,1,,,1,4,,,,,,,,,,,,,,,,,,,,,,,,,,,,,,,,,,,,,,,,,,,
R2BL,,,,,36,2,,17,10,29,2,7,15,5,,2,,,,,30,,2,,2,,38,,,2,2,,,,17,,18,,,,,,,,4,,,,10,,3,,,,99,1,,3,,,,,,,27,8,,,,,,,5,3,23,,,,,,,,,,2,10,,33,,,,,,,,8,,,,,,,,,,,,,,,,,,,,,,2,,,,,,,,,,,,,,,,,,,,,,,,,,,,,,,,,,,,,,,,,,,,,,,,,,,,
R2BR,,,,,,17,,7,1,6,19,,17,,,,,,,,,10,,,15,20,1,19,,,,,,,,12,,6,,,5,12,2,12,,33,,,,5,,5,,,,86,,,,,,39,2,,41,,,,9,,,28,,,,26,,,,,,,,,,9,,3,,,,,,,,,,,,,2,,,,,,,,,,,,,,,,,,,,,,,,,,,,,,,,,,,,,,,,,,,,,,,,,,,,,,,,,,,,,,,,,,,,,
R3BR,12,,10,4,,,1,,,,,6,1,16,2,,,2,,7,,,,,,,,,,,,2,,,,12,,,,1,,,2,,3,,,,,,,,,,15,10,13,2,3,,,,,,14,39,9,,,,,2,,,,1,,,,,13,,,,,,22,98,3,,,,,,4,38,,,,,4,,,,,,,,,6,,,,,,,,,,,,,7,,,,,14,,,,,,,,,,,,,2,,,,,12,,,,,,,,,,,,,,,,,,,,,,,,
R4BL,,,,,1,5,,,1,6,,10,7,,,,,,2,,,,1,,,1,4,2,3,,3,,,,17,,6,,,,,,,,,,,,,,,,,,19,20,,,,,,,,,14,,,,6,,,,,4,4,,,,,,,,,,,18,2,5,,,,,,,,3,,,,,,,,,,,,,,,,,,,,,,,,,,,,,,,,,,,,,,,,,,,,,,,,,,,,,,,,,,,,,,,,,,,,,,,,,,
R4BR,,,,,18,20,,2,3,,,12,17,,,,,,,,,34,,,,1,,1,3,,,,,,,21,,1,,,,,,,,,,,,,,,2,,19,12,,,,,,,,,7,,,,4,,21,,,,5,,,,,,,,,,,20,15,11,,,,,,,,,4,,,,,,,,,,,,,,,,,,,,,,,,,,,,,,,,,,,,,,,,,,,,,,,,,,,,,,,,,,,,,,,,,,,,,,,,,
R8AL,,,,,6,,,2,,,,2,,,,,,,,,,,,,,,,,,,,,,,,,,,,,1,,24,13,,,,,,,,,,,47,14,,,1,,,,,,1,21,,,,,,,,1,,,,,,,,,,,,,1,1,,,,,,,,,,,,,3,,,,,,,,,,,,,,,,,,,,,,,,,,,,,,,,,,,,,,,,,,,,,,,,,,,,,,,,,,,,,,,,,,,,,
R8AR,,,,,,,,,,2,,,,,1,,,,,,,,,,,,,,,,,,,,,,,,,,,,7,20,,3,,,,,,,,,,61,,,,,,,,,,12,2,,,,,,,,,2,,,,,,,,,,,,,,,,,,,,,10,,,,,,,,,,,,,,,,,,,,,,,,,,,,,,,,,,,,,,,,,,,,,,,,,,,,,,,,,,,,,,,,,,,,,,,,,
R8BL,,,,,1,1,,11,19,5,,18,8,,5,,,,,1,,,,,,,1,,2,,,,,,,,,,,,,,,,,,,,,,,,,,33,4,,3,2,,,,,,11,2,2,,16,,,,3,,,,,,,,2,,,,,17,,75,,,,,,,,29,,,,,12,,,,,,,,,,,,,,,,,,,,,,,,,,,,,,,,,,,,,,,,,,,,,,,,,,,,,,,,,,,,,,,,,,,,,
R8BR,,,,,13,9,,4,10,2,9,19,17,1,4,,,,,,,,,,,,11,2,7,,,,,1,,,,,,,,,,1,,,,4,,,,2,,2,7,58,,3,,,,1,,,,7,11,,,,,1,,,,,,,,,,,,,,108,28,21,,,,,,,,19,35,,,,,,,,,,,,,,,,,,,,,,,,,,,,,,,,,,,,,,,,,,,,,,,,,,,,,1,,,,,,,,,,,,,,,,,,,,
R9AL,,,,,4,,,2,,6,,10,,,,,,,,,,,,,,,2,,9,,,,,,,,,,,,1,7,21,,,,,,,,,,,,26,,,8,1,,,,,,11,13,13,,6,,,,,,,,,,4,,10,,,,7,1,,19,,,,,,,9,2,,,,,,,,,,,,,,,,,,,,,,,,,,,,,,,,,,,,,,3,,,,,,,,,,,,,,,,,,,,,,,,,,,,,,,,,,,,
R9AR,,,,,1,,4,,,,24,4,6,,,,,1,,,,,,,,,,2,,,,,,,,,,,,,5,1,3,14,,2,,,,,,,,,14,35,25,13,9,,,9,1,,4,27,26,,,,,,,5,,,,,,,,,,,,,2,,1,,,,,,,1,,,,,,,,,,,,,,,,,,,,,,,,,,,,,,,,,,,,,,,,,,,,,,,,,,,,,,,,,,,,,,,,,,,,,,,,,,
R1BL,,,,,,,,,,,,,,,,,,2,,,,,2,,,,,,,,8,,1,,5,,,,1,,,,,,,,,,,,,,,,,,,,,,,,,,,,13,,13,,,,,,,,,,,,,,,,,,,,,,,,,,,,,,,,,,,,,,,,,,,,,,,,,,,,,,,,,,,,,,,,,,,,,,,,,,,,,,,,,,,,,,,,,,,,,,,,,,,,,
R1BR,,2,,,,3,5,,,,,,,,7,,39,,,24,,3,10,72,,,2,13,6,2,,2,,20,,,,3,,,,,,12,,,,,,,,,,,,,,,1,,,,,,16,2,17,,2,10,,,,,,,,,,,,,,1,,,21,29,14,,6,,,59,2,9,13,,,,,,5,,,,,,,4,,,5,3,,,,,25,6,6,,,,,,,1,5,,,,1,,20,,,,,,30,,,,,,,,,3,,,,,,,,6,,,,,,,,,,,,
R3BL,,,,,,,,1,,,,,,,3,,5,,2,,1,,29,5,,,,8,,10,10,,,,9,,4,,3,,,10,,,,2,,,,,,,,,,,9,,,,,,,,,,25,,8,,,,,,,,,,,28,,,,,,60,23,65,,,,,,2,9,4,6,,,,,,,,,,,,,14,,,,,,,,,,,,,,,,,,,,,,,,,,,,,,,,,,,,,,,,,,,,,,,,,,,,,,,,,,,,
R5BL,,,,,,,,3,1,,,,,,,,,1,,,2,,,,13,,1,,,,,,2,,3,,1,,5,,,,,,,,,,,,,,,,1,,,,,,,1,,,,,,,,,,,,,,,,,,,,,,,,,,,,,,,,,,,,,,,,,,,,,,,,,,,,,,,,1,,,,,,,,,,,,,,,,,,,,,,,,,,,,,,,,,,,,,,,,,,,,,,,,,,,,
R5BR,4,1,,,,,8,,,,,,,,2,,16,,,,,2,,,,3,3,32,,4,,,,5,,4,,3,,3,,1,,,,,,,,,,,,,,,,,,,,,,,5,,43,,,13,2,,,,,,,,,,,,,,,,4,3,5,,,,,5,22,,8,,,,,2,,,,,,,,,,,,,,,,,,,,,,,,,,,1,,,,,12,,,,,,,,,,,,,,,,,,,,,,,,,,,,,,,,,,,,
R6AL,,,,,,,,,,,,,,,,,,,3,,5,2,,,28,15,,,,,,,,,1,,,,18,,,,,,,,,,,,,,,,,,5,5,1,,,,,,,,17,,3,3,,,,,,,,,,,,,,,,,,,,,,,,,,,,,,,,,,,,,,,,,,,,,,,,,,,,,,,,,,,,,,,,,,,,,,,,,,,,,,,,,,,,,,,,,,,,,,,,,,,,
R6AR,,,,,,,,,,,,,,,,,,,,3,,1,,,4,44,6,,,,,,,,,,,,,20,,,,,,,,,,,,,,,,,4,34,10,,,,,,,17,26,,6,1,3,,,,,,,,,,,,,,,,4,,,,,,,,,,,,,,,,,,,,1,,1,,,,,,,,,,,,,,,,,,,,,,,,,,,,,,,,,,,,,,,,,,,,,,,,,,,,,,,,,,,,,
R6BL,,,,,,,,,,,,,,,2,13,,46,,1,,,,,,,5,2,,,,,,,3,,,,2,,,,,,,,,,,,,,,,,,,,,,,,,,,,,,,,,,,,,,,,,,,,,,,,7,40,,,,,,,,,,,,,,,,,,,,,,,,,,,,,,,,,,,,,,,,,,,,,,,,,,,,,,,,,,,,,,,,,,,,,,,,,,,,,,,,,,
R6BR,,,,1,,,2,,,,,,,,,,14,22,,,,,,,,,,,72,,,,,,,,,,,,,,,,,,,,,,,,,,,,,,,,,,,,,,,,,,,,,,,,,,,,,,,,,24,39,10,,,,,,2,,,,,,,,,,,,,,,,,,,,,,,,,,,,,,,,,,,,,,,,,,,,,,,,,,,,,,,,,,,,,,,,,,,,,,,,,,,,
R7AL,,,,,,3,,6,,,,,,,,,,,6,,9,5,,,3,8,5,5,,,,,,,4,,,,,,,,,,,,,,,,,,,,,1,3,4,3,,,4,6,,,2,16,,1,9,,,,,,,,,,,,,,,,,5,,,,,,,,3,,,,,,8,,,,,,,,,,,,,,,,,,,,,,,,,,,,,,,,,,,,,,,,,,,,,,,,,,,,,,,,,,,,,,,,,,,,,
R7AR,,,,,,8,,,14,,,2,,,6,,,,,5,18,26,,1,11,2,,8,4,2,,,,,,,,2,,,,,,,,,,,,,,,,,2,,,6,6,,,11,10,,2,,24,,15,24,,,,,,,,,,,,,,,,,,,,,,,,,,,,,,,15,,,,,,,,,,,,,,,,,,,,,,,,,,,,,,,,,,,,,,,,,,,,,,,,,,,,,,,,,,,,,,2,2,,,,,,
R7BL,1,,,,,2,,12,,,,,,,,,13,1,7,8,14,5,8,,17,2,8,40,,2,2,,,,1,,7,,,,,,,,,,,,,,,,,,,,1,2,11,,,,15,,5,6,48,,19,34,,,,,,,,,,,,,,,,,3,3,,,,,,11,6,5,,,,,2,,,,,,,,,3,,,,,,,,,,,,,,,,,,,,,,,,,,,,,,,,,,,,,,,,,,,,,,,,,,,,,,,,,,,,
R7BR,2,,,,,1,,,2,,,,,6,,,21,3,,10,,4,6,,5,3,33,28,,8,,,,,,3,,,,,,,,,,8,,,,,,,,,,,,,,,,3,,,5,,86,,13,90,4,,,,,,,,,,,,,,,2,19,4,6,,,,,14,5,,10,,,,5,,,,,,,,1,,,,,,,,,,,,7,,,,,,,,,,,,,,,,,,,,,,,,,,,,,,,,,,,,,,,,,,,,,,,,,
R9BL,,1,,16,,,,,2,,,21,,30,1,,12,,,,,,,31,,,,19,13,35,,,,,,,,,,,,,,,,,,,,,,,,,,,,,2,,,,,,,,1,,14,,,,,,,,,,,1,,,,,,45,91,1,1,,,,,7,,6,,,,,,8,,2,,,,4,,6,,,,,,8,,,,,,,,,,,,,,,,,,8,,,,,,,,,,,,18,,,,,,,,,,,,,,,,,,,,,,,,
R9BR,,,,,3,,,4,,,,,13,,11,,,6,,12,,,5,,,8,4,17,30,1,,,,,,,,,,,,,,,,,,,,,,,,,,,2,1,8,,,4,,,,4,15,,7,,,,,,,,,,,,,,,,,8,55,,,,,,,,,,28,,,,,,18,,,,,,,,,,,,,,,,,,,,,,,,,,,,,,,,3,,,,,,,,,,,15,,,,,,,,,,,,,,,,,,,,,,,,
R1AL,,,,,,,,,,,,,,,,,,,,,,,,,,,,,,,6,,,,52,31,,,,,,,,,,,,,,,,,,,1,,,,,,,,,,,,,,,,2,,,,,,,,,,,,,,,,,,,,,,,,,,,,,,,,,,,,,,,,,,,,,,,,,,,,,,,,,,,,,,,,,,,,,,,,,,,,,,,,,,,,,,,,,,,,,,,,,,,
R1AR,,,,,,,,,,,,,,,,,,,,,,3,,,,,,,,,,,,10,,,,3,,,,,,,,,,,,,,,,,,,,,,,,,,,,,,,,,,,,,,,,,,,,,,,,,,,,,,,,,,,,,,,,,,,,,,,,,,,,,,,,,,,,,,,,,,,,,,,,,,,,,,,,,,,,,,,,,,,,,,,,,,,,,,,,,,,,
R2AL,,,,,,,,,,,,,,,,,,,,,,,,,,,,,,,2,,4,81,,,23,,,,5,,,,,,,,,,,,,,6,1,14,4,10,,,,,,,1,,,,,,,,,,,,,,,,,,,,,,,7,,,,,,,,,,,,,,,,,,,,,,,,,,,,,,,,,,,,,,1,,,4,2,,,,,,,,,,,,,,,,,,,28,,,,,,,,,,,,,,,,,,2,,
R2AR,,,,,,,,,,,,,,,,,,,,,,1,,,,,,,,,,9,62,25,,,,15,,,,,,,,,,,,,,,,,,,,2,1,,,,,,,,,,,,,,,,,,,,,,,,,,,,,,,,,,,,,,,,,,,,,,,,,,,,,,,,,,,,,,,,,,,,,,,,,,,,,,,,,,,,,,,,,,,10,,,,,,,,,,,,,,,,,,,,
R3AL,,,,,,,,,,,,,,,,,,,,,,,,,,,,,,,39,,2,,,42,4,2,6,,,,,,,,,,,,,,,,,,,,,,,,,,,,,,,,,,,,,,,,,,,,,,,,,,,,,,,,,,,,,,,,,,,,,,,,,,,,,,,,,,,,,,,,,4,1,,,,,,,,,,,,,,,,,,,,,1,,,,,,,,,,,,,,,,,,,,
R3AR,,,,,,,,,,,,,,,,,,,,,,,,,,,,,,,28,,,,39,,7,,1,7,,,,,,,,,,,,,,,,,,,,,,,,,,,,,,4,,,,,,,,,,,,,,,,,,,,,,,,,,,,,,,,,,,,,,,,,,,,,,,,,,,,,,,,,,2,,,,,,,,,,,,,,,,,,,,,,,,,,,,,,,,,,,,,,,,,,
R4AL,,,,,1,,3,,,,,,,,,1,,,,,27,5,,,2,,9,,,,5,,12,,1,2,23,80,11,15,,,,,,,,,,,,,,,,,,,,,,,,,,,4,,,,,,,,,,,,,,,,,,,,,,,,,,,,,,,,,,,,,,,,,,,,,,,,,,,,,,,,,,,,,,,,,,,,,,,,,,,,,,,,,,,,,,,,,,,,,,,,,,,,,,,
R4AR,,,,,,,,,,,,,,,,,1,,,2,,26,,,,,7,,,,,19,,2,6,1,91,21,,13,,1,,,,,,,,,,,,,,,,,,,,21,,,,,3,,,3,3,,,,,,,,,,,,,,,,,,,,,,,,2,,,,,,,,,,,,,,,,,,,,,,,,,,,,,,,,,,,,,,,,,,,,,,,,,,,,,,,,,,,,,,,,,,,,,,,,,,,
R5AL,,,,,,,,,,,,,,,,,,,6,,5,,,,1,,,,,,,,,,2,,17,18,,3,,,,,,,,,,,,,,,,,,,,,,,,,,,3,,3,8,,,,,,,,,,,,,,,,,,,,,,,,,,,,,,,,,,,,,,,,,,,,,,,,,,,,,,,,,,,,,,,,,,,,,,,,,,,,,,,,,,,,,,,,,,,,,,,,,,,,
R5AR,,,,,,,,,,,,,,,,,,,,3,,6,,,,,,,,,,,,,2,3,13,15,12,,,,,,,,,,,,,,,,,,2,,,,,,,,,,4,,1,6,,,,,,,,,,,,,,,,,,,,,,,,,,,,,,,,,,,,,,,,,,,,,,,3,,,,,,,,,,,,,,,,,,,,,,,,,,,,,,,,,,,,,,,,,,,,,,,,,,,,1,
HOA,,,2,4,,10,1,,,40,45,,,,,,,20,,,,,,7,,,1,,,,,,4,,,,,,,,,4,7,10,,8,,,,,,,,,134,84,,,,,,,,,2,,1,,13,1,,82,5,38,,13,,,,,,,,,,,,,90,,,,,,,,1,1,,,,,,,,,,,,,,,,,,,,,,,,,,,,,,,,,,,,,,,,,,,,,,,,,,,,,,,,,,,,,,,,,,,,,,,,
HOB,,,,,12,9,7,,,16,6,2,,13,3,,,14,,,,,,,,,,,,,,,,,,,,,,,94,20,52,51,4,7,,2,5,44,2,1,3,,25,17,,,,,,,30,20,7,,29,,27,,,57,57,31,6,15,12,6,19,22,24,,,37,25,48,31,9,,,,,,,,,,,,,,,,,,,,,,,,,,,,,,,,,,,,,,,,,,,,,,,,,,,,,,,,,,,,,,,,,,,,,,,,,,,,,,,,,,
PCAL,,,,,,,,,,55,49,1,,18,,,,3,,,,,,,1,,,,,,,,,,,,,,,,16,,6,,43,,,,,,,,,,4,2,32,10,,,,,,1,,113,7,,3,,,,2,4,11,11,2,,,,,,,,,,,,22,,,,,,,,,,,,,,,,,,,,,,,,,,,,,,,,,,,,,,,,,,,,,,,,,,,,,,,,,,,,,,,,,,,,,,,,,,,,,,,,,
PCAR,,,,,,,,,,21,71,,1,,14,,,,,,,,,,,,,,,,,,,,,,,,,,8,4,4,,,67,,,,,,,,,,4,35,43,,,,,2,10,6,160,10,,1,,,,,,,,,1,,,,,,,,,,,8,,,,,,,,,,,,,,,,,,,,,,,,,,,,,,,,,1,,,,,,1,,,,,,,,,,,,,,,,,,,,,,,,,,,,,,,,,,,,,,,,,,
PCBL,,,1,,3,,5,,,4,,,,,,,,,,,,,,,,,,,,,,,,,,,,,,,,1,15,,,2,13,6,18,,,,,,17,,8,,,,,,,19,21,8,,,,,,6,,4,18,3,15,,1,,4,,,,,,,,,,,,,,,,,,,,,,,,,,,,,,,,,,,,,,,,,,,,,,,,,,,,,,,,,,,,,,,,,,,,,,,,,,,,,,,,,,,,,,,,,
PCBR,,,,,,3,,,6,,6,,,,2,,,,,,,,,,,,,3,,,,,,,,,,,,,3,5,,14,2,,,8,,5,,,,,2,38,,,,,,,18,18,32,5,1,,,,,10,,,,17,,,,,,,,,,,1,,,,,,,,,,,,,,,,,,,,,,,,,,,,,,,,,,,,,,,,,,,,,,,,,,,,,,,,,,,,,,,,,,,,,,,,,,,,,,,,,,,
PCCL,,,,,,11,,,,,,,,,,,,,,,,,,,,,,,,,,,,,,,,,,,,,,,11,,,1,25,14,,,,9,,,,,,,,,7,,,,,,,,,,,,,,4,15,,,,,,,,,,,,,,,,,,,,,,,,,,,,,,,,,,,,,,,,,,,,,,,,,,,,,,,,,,,,,,,,,,,,,,,,,,,,,,,,,,,,,,,,,,,,
PCCR,,,,,,,,,,,,,,,,,,,,,,,,,,,,,,,,,,,,,,,,,,7,,,13,9,2,,,14,,,3,,,,,,,,,,,1,,,,,,,,,,,,6,1,4,,,,,,,,,,,,,,,,,,,,,,,,,,,,,,,,,,,,,,,,,,,,,,,,,,,,,,,,,,,,,,,,,,,,,,,,,,,,,,,,,,,,,,,,,,,,
SPCL,,,,,1,,,,,,,,,,,,,,,,,,,,,,,,,,,,,,,,,,,,,5,,,2,,3,,,,,,,,,,,,,,,,,4,,,,,,,,1,,,,,6,7,,,2,,,,2,,,,,,,,,,,,,,,,,,,,,,,,,,,,,,,,,,,,,,,,,,,,,,,,,,,,,,,,,,,,,,,,,,,,,,,,,,,,,,,,,,,,,
SPCR,,,,,,6,,,,,,,,,,,,,,,,,,,,,,,,,,,,,,,,,,,,17,,,,1,8,3,,,,6,,,,3,,,,,,,11,9,,,,,5,,,,6,,,7,7,23,,,,,,,,,,,,,,,,,,,,,,,,,,,,,,,,,,,,,,,,,,,,,,,,,,,,,,,,,,,,,,,,,,,,,,,,,,,,,,,,,,,,,,,,,,,,
SPDL,,,,,,,,,,,,,,,,,,,,,,,,,,,,,,,,,,,,,,,,,,,,,,,,,,,,33,2,6,,,,,,,,,5,3,,,,,,,,21,7,12,4,,,,,,,,1,,,,,,,,,4,,,,,,,,,1,,,,,,,,,,,,,,,,,,,,,,,,,,,,,,,,,,,,,,,,,,,,,,,,,12,,,,,,,,,,,,,,,,,,,3,
SPDR,,,,,,,,,,,,,,,,,,,,,,,,,,,,,,,,,,,,,,,,,,,,,,,,,,,6,,3,3,,,,,,,,,,,,,,,,,,3,,7,9,1,,,,,,,2,,,,,,,,,1,,,,1,,,,,,,,,,,,,,,,,,,,,,,,,,,,,,,,,,,,,,,,,,,,,,,,,,,,,,5,,,,,,,,,,,,,,,,,,,,
SPVL,,,,,,,,,,,,,,,5,,,,,,,,,,,,,,,,,,,,,,,,,,,,,,,,,,,,57,38,,18,,,,,,,,,2,,1,,3,,,,,17,,,,,,,,,,,,,,,,,,3,,2,,,,10,11,,,,,,,,,,,,,,,1,,,,,,,,,,,,,,,,,,,,,,,,,,,,,,,,,,,,,,36,,,,,,,,,,,,,,,,1,10,8,20,
SPVR,,,,,,,,,,5,,,,,,,,,,,,,,,,,,,,,,,,,,,,,,,,,,,,,,,,10,58,55,11,,,,,,,,,,2,,,,5,,,,,9,,,,2,,1,,,,,2,,,10,,,,,,2,,,,5,,,,,,,,,,,,,,4,,,,,,,,,,,1,,,,,,,,,,,,,,,,,,,,,,,,,,,,6,25,,,,,,,,,,,,,,,,,4,10,,
LUAL,,,,,36,,,,5,11,1,,1,,1,,,,,,,,,,,,,,,,6,,1,1,,,,,,,37,5,5,,41,3,,,,,5,,,,2,17,,,,,,,,2,40,35,,4,,,7,,10,20,27,,,1,,,,,,,,,,,47,,,4,,,,1,4,,,,1,,,,,,,,,,,,,,,,,,,,,,,,,,,,,2,,,,,,,,,,,,,,,,,,,,,,,,,,,,,,,,,,,,,,,,
LUAR,,,,,,16,,1,2,1,12,2,,,,,,,,,,1,,,,,,,,,,,,,,,,,,,25,11,,,,54,,,,,,3,,,11,,,,,,,,10,,55,38,,5,1,,6,62,,,,30,,,,,,,,,,,,,30,,,,,,,,4,,,,,,,,,,,,,,,,,,,,,,,,,,2,,,,,,,,,,,,,,,,,,,,,,,1,,,,3,,,,,,,,,,,,,,,,,,,,
CP07,,,,,,,,,,,5,,,,9,,,10,,,,18,,,,5,,,,,,,1,5,,,,,,,,,,,,,,,,,,,,,,,9,,3,,,,,,,53,39,,41,,6,3,,,,,,,,,,,3,,,1,9,2,1,,,,,,,,3,,,,,,,,,,,,,,,,,,,,,,,,,,,,,,,,,,,,,,,,,,,7,,,,,,,,,,,,,,,,,,,,,,,,,,,,,,
CP08,,,,,,,,,,,,,,,,,,,,,7,4,,,8,2,,,,,,,3,11,,,,,,,,,1,3,,,,,,,,,,,,,,,5,,,,,,,44,18,,44,,,,,,,,,,,,,,,,,,,,,,,,,,,4,,,,,,,,,,,,,,,,,,,,,,,,,,,,,,,,,,,,,,,,,,,,,,,,,,,,,,,,,,,,,,,,,,,,,,,,,,
CP09,,,,,,,8,,,11,,,,8,2,,,11,,,16,19,,,1,26,8,,3,8,,,,,,,,,,,1,,2,,,3,,,,,2,,,1,,,41,39,17,,,2,,,,34,97,,67,2,1,,,,,,,,,,,,,1,,,3,,,,,,,,,,,,,,4,,,,,,,,,,,,,,,,,,,,,,,,,,,,,,,,,,,,,,,,,,,,,,,,,,,,,,,,,,,,,,,,,,,,,
CA02,,,,,,,,,,,,,,,,,,,,,,,,,,,,,,,,,,,,,,,,,,,,,,,,,,,,,,,,,,,,,,,,,,,,,,,,,,,,,,,,,,,,,,,,,,1,,,,,,,,,,,,,,,,,,,,,,,,,,,,,,,,,,,,,,,,,,,,,,,,,,,,,,,,,,,,,,,,,,,,,,,,,,,,,,,,
CA03,,,,,,,,,,,,,,,,,,,,,,,,,,,,,,,,,,,,,,,,,,,,,,,,,,,,,,,,,,,,2,,,3,,,,,,,,,,,,,,,,,,,,1,3,2,,,,,3,,,,,,,,,,,,,,,,,,,,,,,,,,,,,,,,,,,,,,,,,,,,,,,,,,,,,,,,,,2,1,,,,,,,,,,,,,,,,,,,,,
CA04,,,,,,2,,,,,,,,,,,,,,,,2,,,,4,,1,,,,,,,,,3,4,,,,,,,,,,,,2,,,,,,,,,,,,,3,,,,13,,,,,,,,,,,,,,,,,,,,,,,,,,,,,,,,,,,,,,,,,,,,,,,,,,,,,,,,,,,,,,,,,,,,,,,,,,,,,,,,,,,,,,,,,,,,,,,,,,,,,,,
CA05,,,,,,,,,3,,,,,,,,,,,,,,,,,,1,,,,,,,,,,,,,,,,,,,8,5,2,2,4,1,1,,5,,6,,,,,1,,,,,1,,,,,,6,,,3,4,,,,,,,4,,,,1,,,,,,,,,,,,,,,,,,,,,,,,,,,,,,,1,,,,,,1,,,,,,,,,,,,,,,,,,,,,,,,,2,,,,,,,,,,,,,,,,,,,,,
CA06,,,,,,,,,,,,,,,,,,,,,,,,,,,,,,,,,,,,,,,,,,,,3,5,4,,1,2,1,,,,,,,,,,,,,3,,,,,,,,,1,4,2,6,8,1,1,,,,,,,,,,,,,,,,,,,,,,,,,,,,,,,,,,,,,,,,,,,,,,1,,,,,,,,,,,,,,,,,,,,,,,,,,1,,,,,,,,,,,,,,,,,,,,
PVY,,,,,,,,,,,,,,,,,,,,,,,,,,,,,,,,,,,,,,,,,,,,,,,,,,,,,,,,,,,,,,,,,5,3,,,,,,,,,,,,,,,,,,,,,,1,,,,,,,,,,,,,,,,,,,,,,,,,,,,,,,,,,,,,,,,30,,,3,,,,,,,,,,,,,,,20,,,,1,,,,,,,,,,,,,,1,10,,,,,
PVX,,,,,,,,,,,,,,,,,,1,,,,,,,,,,,,,,,,,1,,,,,,,,,4,,,,,,,,,,,3,,,,,,,,,,5,,,,,,5,,,,,,,,,,,,,,,,,,3,,,,,1,2,,,,,,,,,,,,,,,13,,,,,,,,,,,,,,,,,,32,21,8,18,4,4,,,2,,1,,,,,,,14,16,,,,10,1,,,,,,,,,,,,,,,,,,,
PVV,,,,,,,,,,,,,,,3,,2,,,,,,,,2,,1,1,,,4,,,,3,2,,,,,,,,,,,,,,,,,3,2,,,4,1,,,,9,,,3,1,4,,,1,,6,,,,,,,,,,,,,,,1,,8,,,,,1,9,2,3,,,,,,,,,,,,,,,,1,,,,,,,,2,,,,,,,7,10,,4,,,6,,,,,,,,,,,,,,,,8,,,,,,,,8,,,,,,,4,,2,3,8,26
PDA,,,,,,,,,,,,,,,,,,,,,,,,,,,,,,,,,,,,,,,,,,,,,,,,,,,,,,,,,,,,,,,,,,,,,,4,7,,,,,,,,,,,,,,,,,,,,,,,,,,,,,,,,,,,,,,,,,,,,,,,,,,,,,,,,,,,,,,,,,,,,,,1,,,,,,,,,7,,,,,,,,,,,,,,,,,,,,10
PDB,,,,6,,,,,,,,2,,6,3,,1,3,,5,2,1,,,,,1,,3,3,,,,,,,,,,,1,2,,,,,,,,,,,,,,1,5,,9,,,,1,,2,,,,4,,22,,,,,,,,,,14,,,,,,4,17,,,,,,,,5,1,6,,,1,1,,,,,,,,,,,,,,,,,,1,,2,1,,,,2,,,,,,,,,,,,,,2,,,,,2,,,,6,,,,,,,,,,,,,,,,,,,,39
PDC,,,,,,,,,,,,,,,,,,,,,1,,,,1,,,,,,,,,,,,,,,,,,,,,,,,,,,,,,,,,,,,,,,,,,,5,4,1,3,,,,,,,,,,,,,,,,,,,,,,,,,,,,,,1,,,,,,,,,,,,,,,,,,,,,,,,,,,,,,,,,,,,,,,2,,,,,,,,,,12,,,,,,,,,,,,,,,,,,,4,12
AS11,,,,,,,,,,,,,,,,,,,,,,,,,,,,,,,,,,,1,,,,,,,,,,,,,,,,,,,,,,,,,,,,,,,,,,6,2,,,,,,,,,,,,,,,,,,,,,,,,,,,,,,,,,,,,,,,,,,,,,,,,,,,,,,,,,,1,,,,,,1,,,,,,,,,,,,,,,,,,,,,,,,,,,,,,,,,,,,12
PVZ,,,,,,,,,,,,,,,,,1,,,,,,,,,,,,,,,,,,,,,,,,,,,,,,,,,,,,,,,,,,,,,,1,3,,,1,,,,,,1,,3,6,1,,,,,,,,,,1,,1,,,,,,,,,,,,,,,,,,,,,,,1,,,,,,,,,,,,,,,,,,,,,,,,,,,,,,,,,,,1,1,22,12,,,,,,1,2,1,,2,1,,,,,4,11,21,10,7
CP01,,,,,,,,,,,,,,,,,,,,,,,,,,,,,,,,,,,,,,,,,,,,,,,,,,,1,,,,,,,,,,,,2,2,,,,,,,,,,13,5,,,,,,,,,,,,,,,,,,,,,,,,,,,,,,,,,,,,,,,,,,,,,,,,,,,,,,,,,,,,,,,,,,,,,,,,,,,,,,,,,,,,,,,,,,,,,,,
CP02,,,,,,,,,,,,,,,,,,,,,,,,,,,,,,,,,,,,,,,,,,,1,,,,,,,,,1,,,,,,,,,,,,,,,,,,,,,3,,14,9,,,1,,,,,,2,,,,,,,,,,,,,,,,,,,,,,,,,,,,,,,,,,,,,,,,,,,,,,,,,,,,,,,,,,,,,,,,,,,,,,,,,,,,,,,,,,,,,
CP03,,,,,,,,,,,,,,,,,,,,,,,,,,,,,,,,,,,,,,,,,,,,,,,,,,,,2,,,,,,,,,,,,,,,,,,,,,,7,,8,,,,,,,,,,,,,,,,,,,,,,,,,,,,,,,,,,,,,,,,,,,,,,,,,,,,,,,,,,,,,,,,,,,,,,,,,,,,,,,,,,,,,,,,,,,,,,
CP04,,,,,,,,,,,,,,,,,,,,,,,,,,,,,,,,,,,,,,,,,,,,,,,,6,,1,,,,,,,,,,,,,,,,,,,,,,,,5,7,,,2,,,,,,,,,,,,,,,,,,,,,,,,,,,,,,,,,,,,,,,,,,,,,,1,,,,,,,,,,,,,,,,,,,,,,,,2,15,3,,,,,,,,,,,,,,,,,,,,
CP05,,,,,,,,,,,,,,,,,,,,,,,,,,,,,,,,,,,,,,,,,,7,,,17,,4,,3,12,,,10,,,,6,,,,1,,14,2,,,,,,,,10,14,,,9,,37,,,,6,,7,1,6,,4,3,2,,2,,,,,,,,,,,,,,,,,,,,,,,,,,,,,,,,,,,1,,,,,,,,,,,,,,,,,,,,,1,,,,,,,,,,,,,,,,,,,,,,
CP06,,,,,,,,,,,,,,,,,,,,,,,,,,,,,,,,,,,,,,,,,,10,,,7,,5,5,,4,,,14,,,,,,,,,,,5,,,,,,,,2,8,,2,6,21,,,,,2,,4,2,,5,2,,3,,,,,,,,,,,,,,,,,,,,,,,,,,,,,,,,,,,,,,,,,,,,,,,,,,,,,,,,,,,,,,,,,,,,,,,,,,,,,,,,
DX1,2,,,,,,,,,,,,,1,,,,,,,,,,,,,,,,,,,,,,,,,,,14,,23,,,,,,,,,,,,,,,,,,,,,,,,,,,,,,,,,,,,,,,,,,,,,,,,,,,,1,,,,,,,,,,,,,,,,,,,,,,,,,,,,,,,,,,,,,,,,,,,,,,,,,,,,,,,,,,,,,,,,,,,,,,,,,,,
DX2,,,,,,,,,,,,,,,,,,12,,,,,,,,,,,,,,,,,,,,,,,4,8,,26,,,,,,,,,,,,,,,,,,,,,,,14,,,,,9,,,,,,,,1,,,,,,5,,,,,,,,,,,,,,,,,,,,,,,,,,,,,,,,,,,,,,,,,,,,,,,,,,,,,,,,,,,,,,,,,,,,,,,,,,,,,,,,,,,,
DX3,,,2,,,,4,,,,,,,8,,,,,,,,,,,,,,,,,,,,,,,,,,,1,2,23,,,,1,,1,,,,,,,,,,,,,,,,,,,,2,,,,,,,,,,11,,,,,,,,,4,,,,,,,,,,,,,,,,,,,,,,,,,,,,,,,,,,,,,,,,,,,,,,,,,,,,,,,,,,,,,,,,,,,,,,,,,,,,,,,,,,
DVB,,,,,,,,,,,,,,,,,,,,,,,,,,,,,,,,,,,,,,,,,,3,,,,,,,7,2,,,,,,,1,,,,,,,,,,,,,,,,,,,1,1,,,,,,,6,2,,5,2,,4,,3,1,,,,1,,,,,,,,,,,,,,,,,,,,,,,,,,,,,,,,,,,,,,,,,,,,,,,,,,,,,3,,,,,,,,,,,,,,,,,,,,
DVC,,,,,,,,,,,,,,,,,,,,,,,,,,,,,,,,,,,,,,,,,,,,,,,,,,,3,2,,1,,,,,,,,,1,,,,,,,,,3,,,,,,,,,,,,1,1,,,,,,,4,,,,,,,,,,,,,,,,,,,,,1,,,,,,,,,,,,,,,,,,,,,,,,,,,,,,,,,,,,,,,,,,,,,,,,,,,,,2,,,,
DVE,,,,,,,,,,,,,,,,,,,,,,,,,,,,,,,,,,,,,,,,,,14,2,,,,,16,,17,,,2,12,,,3,1,,,,,,3,,,,,1,,,,,,,5,22,7,,,16,1,1,,5,21,24,2,4,6,,,,,,,,,,,,,,,,,,,,,,,,,,,,,,,,,,,,,,,,,,,,,,,,,,,,,,,,,,,,,,,,,,,,,,,,,,,,,,,,
DVF,,,,,,,,,,,,,,,,,,,,,,,,,,,,,,,,,,,,,,,,,1,21,,,6,,5,,28,,,,1,1,,,3,2,4,,,,1,,,,4,,,,,1,,,,1,16,11,,,,3,3,5,,3,,,1,1,,3,,,,,,,,,,,,,,,,,,,,,,,,,,,,,,2,,,,1,3,,,,,,,,,,,,,,,,,,,,,4,,1,,,,,,,,,,,,,,,,,,3,2,
EF1,,,,,,,,,,,,,,,,,,,,,,,,,,,,,1,,,,1,,,,,,,,,,,,,,,,,,,,,,,,,,,,,,,,,,,,,,,,,,,,,,,,,,,,,,,,,,,,,,,,,,,,,,,,,,,,,,,,,,,,,,,,,,,,,,,,,,,,,,,,,,,,,,,,,,,,,1,,,,,,,,,,,,,,,,,,,,
EF2,,,,,,,,,1,,,,,,,,2,,,5,,,,6,,,,2,,,,,,,,,,,,,,,,,,,,,,,,,,,,,,,,,,,,,,,2,,1,,,,,,,1,,,,,,,,,,,1,,,,,,,1,1,,,,,,,,,,,,,,,,,,,,,,,,,,,,,,,,,,,,,,,,1,,,,,,,,,,,,,,,,,,,,,,,,,,,,,,,,,,,
EF3,,,,,,,,,,,,,,,,,,,,,,,,,,,,,,,,,,,,,,,,,,,,,,,,,,,,,,,,,,,,,,,,,,,,,,,,,,,,,,,,,,,,,,,,,,,,,,,,,,,,,,,,,,,,,,,,,,,,,,,,,,,,,,,,,,,,,,,,,,,,,,,,,,,,,,,,,,,,,,,,,,,,,,,,,,
AVG,,,,,,,,,,1,,,,,,,,,,,,,,,,,,,,,,,4,3,,,,,,,3,,,2,,,,,,,4,,,,,,,,,,,,,,,2,,,,,,4,,,,,,3,,,,,,,4,5,5,,,4,,,,1,,7,,,,,,,,,,,,,,7,,,,,,,,,,,,1,4,1,,,5,,,3,2,,,,,,,,,,12,,,,,,,,,,,,,,,,,,,,,,,,,,,,,11
AVL,,,,,,,,,,,,,,,,,,,,,,,,,,,,,,,,,,,,,,,,,,,,,,,,,,,,,,,,,,,,,1,,,,,,,,,,,,,,,,,,,,,1,,,2,,,,,,,,,,,,1,,,,,,,,,,,,,,,,,,,,,,,,,,,,,,,,,,,,,,,,,,,,,,,,,,,,,1,,,,,,,,,,,,,,,,,,,,
PVS,,,,,,,,,,,,,,,,,,,,,,,,,,,,,,,,,,,,,,,,,,,,,,,,,,,,,,,,,,,,,,,,,,,,,,,,,,,,,,,,,,,,,,,,,,,,,,,,,,,,,,,,,,,,,,,,,,,,,,,,,,,,,,,,,,,,,,,,,,,,,,,,,,,,,,,,,,,,,,,,,,,,,,,,,,
PVU,,,,,,,,,,,,,,,,,,,,,,,,,,,,,,,,,,,,,,,,,,,,,,,,,,,,,,,,,,,,,,,,,,,,,,,,,,,,,,,,,,,,,,,,,,,,,,,,,,,,,,,,,,,,,,,,1,,,,,,,,,,,,,,,,,,,,,,,,,,,,,,,,,,,,,,,,,,,,,,,,,,,,,,,,,,
PVT,,,,,,,,,,,,,,,,,,,,,,,,,,,,,,,,,,,,,,,,,,,,,,,,,,,,,,,,,,,,,,,,,,,,,,,,,,,,,,,,,,,,,,,,,,,,,,,,,,,,,,,,,,,,,,,,,,,,,,,,,,,,,,,,,,,,,,,,,,,,,,,,,,,,,,,,,,,,,,,,,,,,,,,,,,
AN3a,2,,,,,,5,,,,3,,,,1,,80,,,15,,,4,13,,,4,4,,,1,,,,,,,,,,,,,2,,,,,,,,,,,,,,,,,,,,,18,,6,,,,,,,,,,,,,,,,,,,3,9,,,,10,,,,1,8,,,,,,,,,,,,,,4,,,,,,,,,,,,,,,,,,,2,1,,,4,,13,,,,,,4,,,,,,,,,,,,,,,,,11,,,,,,,,,,,,
AN3b,,,,,,,2,,,,,,,,,,15,8,,34,,,,,,,7,5,,,,,,,1,,,,,,,,,,,,,,,,,,,,,,,,,,,,,,17,1,18,,,,7,,,,,,,,,,,,,,,,5,,,1,,2,,,,2,4,,,,,,,,,,,,,14,,1,,,,,,,,4,,,,,,,,,5,,,,,24,,,,,,1,,,,,,,,,,,,,,,,,,4,,,,,,,,,,,,5
PVNL,,,,,,1,1,,5,,,4,14,,,,1,,,2,,,3,,,,12,10,,,,,,,2,,,,,,,1,,,,,,,,,1,,1,,,,,4,1,,,10,,,23,9,2,,6,,5,,,,,,,,,,,,,,,4,10,22,4,2,,1,,,3,1,,,,,10,,,,,,,,,2,,1,,,,,,,,,,,,,,,,8,7,2,1,5,1,,,,,,,,,,,,,,,,,,,,,,,,,,,,,,,,,,,,,2
PVNR,,,,,,3,,,,,,,,,,,,,,,,,,,,,,8,,,,,,,,,,,,,,,,,,,,,,,,,,,1,1,4,,,,,,,,6,1,5,,6,1,,2,,,,,,,,,,,,2,,9,26,12,,9,2,1,,5,2,,,,,,,,,,,,,,,,,,5,,,,,,,,,,,,,,,,,,1,,,,,,,,,,,,,,,,,,,,,,,,,,,,,,,,,,,,,,1,
CA07,,,1,1,,,,,,,,,,,,,,,,,,,,,,,,,,,,,,,,,,,,,1,,,,,,,,,,,,,1,1,,,,,,,1,,,,,,,,,,,,,,,,,,,,,,,,,,,4,,,,,,,,,,1,,,,,,,,,,,,,,,,,,,,,,,1,3,,1,,,,,,,,,,,,,,,,,,,,,,,,,,,,,,,,,,,,,,,,,,,,,
CA08,,,,,,,,,,,,,,,,,,,,,,,,,,,,,,,,,,,,,,,,,,,,,,,,,,,,,,,,,1,,,,,,,,,,,,,,,,,,,,,,,,,,,,,,2,,,,,,,,,,,3,3,,,,,,,,,,,,,,,,,,,1,,,,,,,,,,,,,,,,,,,,,,,,,,,,,,,2,,,,,,,1,,,,,,,,1,,1,1,,,
CA09,,,,,,,,,,,,,,,,,,,,,,,,,,,,,,,,,,,,,,,,,,,,,,,,,,,,,,,,,,,,,,,,,,,,,,,,,,,,,,,,,,,,,,,,1,,,,,,,,,,1,2,1,,,,,,,,,,,,,,,,,,,,,,,,,,,,,,,,,,,,,,,,,,,,,,,,,,,,,,,,,,,,,,,,,,,,,,
PGA,,,,,,,4,,,,,,,3,,,,,,,,3,,,,2,1,6,4,5,,,,,,,,,,,2,,,,,,,,,,,,,,,,4,,3,,,,,,,2,,,4,,,,1,,,,,,,,3,,,4,,9,5,,2,,,,,,,4,,,,,1,,,,,,,,,,,,,,,,,,,,,,,,,,,,,,,,,,,,,,,,,,,,,,,,,,,,,,,,,,,,,,,,,,,,,
PHCL,,,,,,,,,,,,,,2,,,,2,,1,,,,8,,,,,6,,,,,,,,,,,,,,,,,,,,,,,,,,,,,,,,,,,,,,,,,,2,,,,,,,,,,,,,,,,,,,,,,,,2,7,,,,,,,3,,,,,,,4,,,,,,,,,,4,,,,,,,,,27,,,,16,2,,,,,,,,,,,,,,,,,,,,,,,,,,,,,,,,,,,,
PHCR,,,,,,,,,,,,,,,,,3,,,,,,,3,,,,,,7,,,,,,,,,,,,,,,,,,,,,,,,,,,,,,,,,,,,,,,,,,,,,,,,,,,,,,,,,,,,,,,,10,3,,,,,,,6,,,,,,,,,,,,,,1,,,,,,,,,,,,,12,,,,9,,3,,,,,,,,,,,1,,,,,,,,,,,,,,,,,,,,,,,,
ALNL,,,,,,,,,,,,,,,,,,,,,,,,,,,,,,,,,,,,,,,,,,,,,,,,,,,,,,,,,,,,,,,,,,,,,,,,,,,,,,,,,,,,,,,,,,,,,,,,,,,,,,,,,,,,,,,,,,,,,,,,,,,,,,,,,,,,,,,,,,,,,,,,,,,,,,,,,,,,,,,,,,,,,,,,,,
ALNR,,,,,,,,,,,,,,,,,,,,,,,,,,,,,,,,,,,,,,,,,,,,,,,,,,,,,,,,,,,,,,,,,,,,,,,,,,,,,,,,,,,,,,,,,,,,,,,,,,,,,,,,,,,,,,,,,,,,,,,,,,,,,,,,,,,,,,,,,,,,,,,,,,,,,,,,,,,,,,,,,,,,,,,,,,
PLML,,,,,,,,,,,,,,,,,,,,,,,,,,,,,,,4,,,,,,,,,,,,,,,,,,,,,,,,,,,,,,,,,,,,,,,,,,,,,,,,,,,,,,,,,,,,,,,,,,,,,,,,,,,,,,,,,,,16,19,,,,9,,,,,,,,,4,,,,,5,,,,,,,,,,,,,,,,,,,,,,6,,,,,,,,,,,,,,,
PLMR,,,,,,,,,,,,,,,,,,,,,,,,,,,,,,,,,,,,,,,,,,,,,,,,,,,,,,,,,,,,,,,,,,,,,,,1,,,,,,,,,,,,,,,,,,,,,,,,,,,,,,,,,,,,,,,,,,,18,10,,,,19,,,,,,,,,3,5,,,8,5,,,,,,,,,,,,,,,,,,,,,,,,,,,,,,,,,,,,,
PLNL,,,,,,,,,,,,,,,,,,,,,,,,,,,,,,,,,,,,,,,,,,,,,,,,,,,,,,,,,,,,,,,,,,,,,,,,,,,,,,,,,,,,,,,,,,,,,,,,,,,,,,,,,,,,,,,,,,,,,,,,,,,,,,,,,,,,,,,,,,,,,,,,,,,,,,,,,,,,,,,,,,,,,,,,,,
PLNR,,,,,,,,,,,,,,,,,,,,,,,,,,,,,,,,,,,,,,,,,,,,,,,,,,,,,,,,,,,,,,,,,,,,,,,,,,,,,,,,,,,,,,,,,,,,,,,,,,,,,,,,,,,,,,,,,,,,,,,,,,,,,,,,,,,,,,,,,,,,,,,,,,,,,,,,,,,,,,,,,,,,,,,,,,
PQR,,,,,,,,,,,,,,,,,,3,,,,,,,,,3,2,,,,,,,,,,,,,,,,,,,,,,,,,,2,,,,,,,,,,,2,,,,,,,,,,,,,,,,,,,,,,2,18,,,,2,,,2,4,2,,,,,,,,,,,,,,,,,,,,,,,3,,,,,,,,51,55,,,13,9,,,,,6,,4,,,,,18,,,,4,,,,,,,,1,1,,,,,3,2,,,,,,
PVM,,,,,,,,,,,,,,,,,,,,,,,,,,,,,,,,,,,,,,,,,,,,,,,,,,,,,,,,,,,,,,,,,,,,,,,,,,,,,,,,,,,,,,,,,,,,,,,,,,,,,,,,,,,,,,,3,,,2,3,,15,,8,,,,,,,,,,,,,,,,,,,,,,,,,,,,,,,,,,,,,,,,,,,,,,,,,,,
PVDL,,,,,,,,,,,,,,,,,,,,,,,,,,,,,,,,,,,,,,,,,,,,,,,,,,,,,,,,,,,,,,,,,,,,,,,,9,,,,,,,,,,,,,,,,,8,,,1,,1,,,,,,,,,,,,,,,,,,,10,,,,,,,,,,,,,,,13,29,,,1,1,13,36,,,,,,,,,,,,,,3,,,,,,,,,,,,,,,,,,3,,,
PVDR,,,,,,,,,,,,,,,,,,,,,,,,,,,,,,,,,,,,,,,,,,,,,,,,,,,,,,,,,,,,,,,,,,,,,,,,,,,,,,,,,,,,,,,,,,,,,,,,,,,,,,,,,,,,,,,,2,,,,4,,,5,,,,,,,,,9,30,,,1,,29,29,,,,,,,,,,,,,,,,,,,,2,,,3,1,4,,,,,,,,,,
PDEL,,,,,,,,,,,,,,,,,,,,,,,,,,,,,,,,,,,,,,,,,,,,,,,,,,,,,,,,,,,,,,,,,,,,,,,,,,,,,,,,,,,,,,,,,,,,,,,,,,,,,,,,,,,,,,,2,,,,,3,13,,22,,,,,,,,,,,,,,,2,,,,,,,,,,,,,,,,,,,,,,1,,,,,,,1,,,,,,,
PDER,,,,,,,,,,,,,,,,,2,,,,,,,,,,,,,,,,,,,,,,,,,,,,,,,,,,,,,,,,,,,,,,,,,,,,,,,,,,,,,,,,,,,,,,,,,,,,,,,,,,,,,,,,,,,,,,1,,,2,2,3,23,,23,,,,,,,,,,,,,,,2,,,,,,,,,,,1,,,,,,,,,,,,,,,,,,,1,1,,,,2,
PVR,,,,,,,,,,,,,,,,,,,,,,,,,,,,,,,,,,,,,,4,,,,,,,,,,,,,,,,,,,,,,,,,,,,,,,,,,,,,,,,,,,,,,,,,,,,,,,,,,,,,,,,,,,,,,,,,,,,,,,,,1,,,,,,,,,,,,,,,2,,,,2,,5,,,2,,11,,,,,,,,,,,,,,,,,,,,,,,,,
AVKL,,,,,,,,,,,,,,,,,,,,,,,,,,,,,,,,,,,,2,,,,,,,,,,,,,,,,,,,,,,,,,,,,,,,,,,,,,,,,,,,,,,,,,,,,,,,,,,,,,,,,,,,,,,,,,,,,,,,1,,,,2,,,,,,,,,1,,,,1,,,,,,,,,,2,,1,,,,,,,,,,,1,,,,,2,,,1,2,,,,,,
AVKR,,,,,,,,,,,,,,,,,,,,,,,,,,,,,,,,,,,,,,,,,,,,,,,,,,,,,,,,,,,,,,,,,,,,,,,,,,,,,,,,,,,,,,,,,,,3,,,,,,,,,,,,,,,,,,,,1,,,1,,,,,,,,,,,,,,,,,,,,,,,,,,,,,,,,,,,,,,,,,,,,,,,,,,,,,,,,
DVA,,,,,,,,,,,,,,,,,,,,,,,,,,,,,,,,,,,,,,,,,,,,,,,,,,,,,,,,,,,,,,,,,,,,,,,,,,,,,,,,,,,,,,,,,,,,,,,,,,,,,,,,,,,,,,,,,,2,,,,,,,,,,,,,,,1,,,,,1,,,,,,,,1,1,,5,,,,,,,,,,,,,,,,,,,,,,,,,
PVWL,,,,,,,,,,,,,,,,,,,,,,,,,,,,,,,,,,,,,,,,,,,,,,,,,,,,,,,,,,,,,,,,,,,,,,,,,,,,,,,,,,,,,,,,,,,,,,,,,,,,,,,,,,,,,,,,,,,,,,,,,,,,,,,,,,,,,,,,,,,,,,,,,,,,,,,,,,,,,,,,,,,,,,,,,,
PVWR,,,,,,,,,,,,,,,,,,,,,,,,,,,,,,,,,,,,,,,,,,,,,,,,,,,,,,,,,,,,,,,,,,,,,,,,,,,,,,,,,,,,,,,,,,,,,,,,,,,,,,,,,,,,,,,,,,,,,,,,,,,,,,,,,,,,,,,,,,,,,,,,,,,,,,,,,,,,,,,,,,,,,,,,,,
AN1a,,,,,,,,,,,,,,,,,,,,,,,,,,,,,,,,,,,,,,,,,,,,,,,,,,,,,,,,,,,,,,,,,,,,,,,,,,,,,,,,,,,,,,,,,,,,,,,,,,,,,,,,,,,,,,,,,,,,,,,,,,,,,,,,,,,,,,,,,,,,,,,,,,,,,,,,,,,,,,,,,,,,,,,,,,
AN1b,,,,,,,,,,,,,,,,,,,,,,,,,,,,,,,,,,,,,,,,,,,,1,,,,,,,,,,,,,,,,,,,,,,,,,,,,,,,,,,,,,,,,,,,,,2,,,,,,,,,,,1,,,,,,,,,,,,,,,,,,,,,,,,,,,,,,,,,,,,,,,,,,,,,,,,,,,,,,,,,,,,,,,,,,,,,,
AN2a,,,,,,,,,,,,,,,,,,,,,,,,,,,,,,,,,,,,,,,,,,,,,,,,,,,,,,,,,,,,,,,,,,4,,,,,,,,,,1,,,,,,,,,,,,,2,,,,,,,,,,,,,,,,,,,,,1,,,,,,,,,,,,,4,,,,,,,,2,,,,,,,,,,,,,,,,,1,,,,,,,,,,,,,,,,,,,,,,
AN2b,,,,,,,,,,,,,,,,,,,,,,,,,,,,,,,,,,,,,,,,,,,,,,,,,,,,,,,,,1,,,,,,,,,1,,,,,,,,,,,,,,,,,,,,,2,,1,1,,,,,,,,1,,,,,,,,,,,,,,,,,,,,,,,,,,,,,2,,,,,,,,,,,,,,,,,,,,,,,,,,,,,,,,,,,,,,,,,,,
PVQL,,,,,,,,,,,,,,,,,,,,,,,,,,,,,,,,,,,,,,,,,,,,,,,,,,,,,,,,,,,,,,,1,,,,,,,,,,,,,,,,,,,,,,,,,,,,,,,,,,,,,,,,,,,,,,,,,,,,,,,,,,,,,,,,,,,,,,,,,,,,,,,,,,,,,,,,,,,,,,,,,,,,,,,,,,,
PVQR,,,,,,,,,,,,,,,,,,,,,,,,,,,,,,,,,,,,,,,,,,,,,,,,,,,,,,,,,,,,,,,1,,,,,1,,,,,,,,,,,,,,,,,,,,,,,,,,,,,,,,,,,,,,,,,,,,,,,,,,,,,,,,,,,,,,,,,,,,,,,,,,,,,,,,,,,,,,,,,,,,,,,,,,,,,,1
AVAL,,,,,,,,,,,,,,,,,,,,,,,,,,,,,,,5,,,,7,1,,,,,,,,,,,,,,,,,,,,,,,,,,,,,1,,3,,,,29,,,,,,,,,,,,,,,,,,,,,,,,,,,,,,,,,,,,,,,,,,,,,,,,,,,,,,,,,,12,,,,2,8,6,,7,22,14,5,12,,,,3,,,,1,,6,11,6,,16,22,28,,,11,,,,,1,,,,,
AVAR,,,,,,,,,,,,,,,,,2,,,,,,,,,,,,,,1,,,,1,2,,,,,,,,,,,,,,,,,,,,,,,,,,,,,,,,,,,20,,,,,,,,,,,,,,,,,,,,,,,,1,,,,,,,,8,,,,,,,,,,,,,,,,,,,,,,,,,21,,,,6,4,4,20,,5,17,20,15,20,,,,10,,,,,,10,10,4,,27,23,19,,,17,,,,,,,,,,
AVBL,,,,,,,,,,,,,,,,,,,,,,,,,,,,,,,,,,,,,,,,,,,,,,,,,,,,,,,,,,,,,,,,,3,1,,,,,,,,,,,,,,,,,,,,,,,,,,,,,,,,,,,,,,,,,,,,,,,,,,,,,,,,,,,,,,10,5,,1,,,,,,,,,,,,,,,,,,,,,1,2,,,,,,,,,,,,,,,,,
AVBR,,,,,,,,,,,,,,,,,,,,,,,,,,,,,,,,,1,1,,,,,,,,,,,,,,,,,,,,,,,,,,,,,,,2,1,,,,,,,,,,,1,,,,,,,,,,,1,1,,,,,,,,,,,,,,,,,,,,,1,,,,,,,,,,,,,,,,,,9,,1,,,,,,,,,,,,,,,,,,,,,,,1,,,1,,,,,,,,,1,,,,,
AVDL,,,,,,,,,,,,,,,,,,,,,,,,,,,,,,,,,,,,,,,,,,,,,,,,,,,,,,,,,,,,,,,,,,,,,,,,,,,,,,,,,,,,,,,,,,,,,,,,,,,,,,,,,,,,,,1,,,,,,,,,,,,,,,,,,14,14,,,,,,,,3,,4,1,,,,,2,,,,,,,,,,,1,,,,,,,,,,,,,,
AVDR,,,,,,,,,,,,,,,,,,,,,,,,,,,,,,,1,,,,,,,,,,,,,,,,,,,,,,,,,,,,,,,,,,,,,,,,1,,,,,,,,,,,,,,,,,,,,,,,,,,,,,,,,,,,,,,,,,,,,,,,,,,,,,,,,,19,14,,,,,2,,,1,2,1,1,,,,,2,,,,,,,1,2,,,1,,,,,,,,,,,,,,
PVCL,,,,,,,,,,,,,,,,,,,,,,,,,,,,,,,,,,,,,,,,,,,,,,,,,,,,,,,,,,,,,,,,,,,,,,,,,,,,,,,,,,,,,,,,,,,,,,,,,,,,,,,,,,,,,,,,,,,,,,,1,,,,,,,,,,,,,,,,1,,,2,1,1,,,3,,7,2,,,,,,,,,,,,,,,,,,3,3,,,,,
PVCR,,,,,,,,,,,,,,,,,,,,,,,,,,,,,,,,,,,,,,,,,,,,,,,,,,,,,,,,,,,,,,,,,,,,,,,,,,,,,,,,,,,,,,,,,,,,,,,,,,,,,,,,,,,,,,,,2,1,,,,,,,,,,,,,,,3,10,,,,1,2,,,,,,5,,,2,,7,3,,,,,,,,,,,,,,,,1,1,2,4,,,,,
DA04,,,,,,,,,,,,,,,,,,,,,,,,,,,,,,,,,,,,,,,,,,,,,,,,,,,,,,,,,,,,,,,,,,,,,,,,,,,,,,,,,,,,,,,,,,,,,,,,,,,,,,,,,,,,,,,,,,,,,,,,,,,,,,,,,,,,,,,,,,,,,,,,,,,,,,,,,,,,,,,,,,,,,,,,,,
DA05,,,,,,,,,,,,,,,,,,,,,,,,,,,,,,,,,,,,,,,,,,,,,,,,,,,,,,,,,,,,,,,,,,,,,,,,,,,,,,,,,,,,,,,,,,,,,,,,,,,,,,,,,,,,,,,,,,,,,,,,,,,,,,,,,,,,,,,,,,,,,,,,,,,,,,,,,,,,,,,,,,,,,,,,,,
DA06,,,,,,,,,,,,,,,,,,,,,,,,,,,,,,,,,,,,,,,,,,,,,,,,,,,,,,,,,,,,,,,,,,,,,,,,,,,,,,,,,,,,,,,,,,,,,,,,,,,,,,,,,,,,,,,,,,,,,,,,,,,,,,,,,,,,,,,,,,,,,,,,,,,,,,,,,,,,,,,,,,,,,,,,,,
DA07,,,,,,,,,,,,,,,,,,,,,,,,,,,,,,,,,,,,,,,,,,,,,,,,,,,,,,,,,,,,,,,,,,,,,,,,,,,,,,,,,,,,,,,,,,,,,,,,,,,,,,,,,,,,,,,,,,,,,,,,,,,,,,,,,,,,,,,,,,,,,,,,,1,,,,,,,,,,1,,,,,,,,,,,,,,,
DA08,,,,,,,,,,,,,,,,,,,,,,,,,,,,,,,,,,,,,,,,,,,,,,,,,,,,,,,,,,,,,,,,,,,,,,,2,,,,,,,,,,,,,,,,,,,,,,,,,,,,,,,,,,,,,,,,,,,,,,,,,,,,,,,,,,,,,,,,,,,,,,,,,,,,,,,1,,,,,,,,,,,,,,,,,,,1,5
DA09,,,,,,,,,,,,,,,,,,,,,,,,,,,,,,,1,,,,1,,,,,,,,,,,,,,,,,,,,,,,,,,,,,,,,,3,,,1,,,,,,,,,,,,,,,,,,,,,,,,,,,,,,,,,,,,,,,,,,,,,,,,,,,,,,,,,,1,,,,,,,,,,,1,,,,,,,,,,,,,,,,,,,,1,,,,,,,,,1,1
DB03,,,,,,,,,,,,,,,,,,,,,,,,,,,,,,,,,,,,,,,,,,,,,,,,,,,,,,,,,,,,,,,,,,,,,,,,,,,,,,,,,,,,,,,,,,,,,,,,,,,,,,,,,,,,,,,,,,,,,,,,,,,,,,,,,,,,,,,,,,,,,,,,,,,,,,,,,,,,,,,,,,,,,,,,,,
DB04,,,,,,,,,,,,,,,,,,,,,,,,,,,,,,,,,,,,,,,,,,,,,,,,,,,,,,,,,,,,,,,,,,,,,,,,,,,,,,,,,,,,,,,,,,,,,,,,,,,,,,,,,,,,,,,,,,,,,,,,,,,,,,,,,,,,,,,,,,,,,,,,,,,,,,,,,,,,,,,,,,,,,,,,,,
DB05,,,,,,,,,,,,,,,,,,,,,,,,,,,,,,,,,,,,,,,,,,,,,,,,,,,,,,,,,,,,,,,,,,,,,,,,,,,,,,,,,,,,,,,,,,,,,,,,,,,,,,,,,,,,,,,,,,,,,,,,,,,,,,,,,,,,,,,,,,,,,,,,,,,,,,,,,,,1,,,,,,1,,,,,,,,,
DB06,,,,,,,,,,,,,,,,,,,,,,,,,,,,,,,,,,,,,,,,,,,,,,,,,,,,,,,,,,,,,,,,,,,,,,,,,,,,,,,,,,,,,,,,,,,,,,,,,,,,,,,,,,,,,,,,,,,,,,,,,,,,,,,,,,,,,,,,,,,,,,,,,,,,,,,,,,,,,,,,,,,,,,,,,,
DB07,,,,,,,,,,,,,,,,,,,,,,,,,,,,,,,,,,,,,,,,,,,,,,,,,,,,,,,,,,,,,,,,,,,,,,,,,,,,,,,,,,,,,,,,,,,,,,,,,,,,,,,,,,,,,,,,,,,,,,,,,,,,,,,,,,,,,,,,,,,,,,,,,,,,,,,,,,,,,,,,,,,,,,,,,,
DD03,,,,,,,,,,,,,,,,,,,,,,,,,,,,,,,,,,,,,,,,,,,,,,,,,,,,,,,,,,,,,,,,,,,,,,,,,,,,,,,,,,,1,,,,,,,,,,,,,,,,,,,,,,,,,,,,,,,,,,,,,,,,,,,,,,,,,,,,,,,,,,,,,1,,,,,,,,,,,,,,,,,,,,,,,,,,
DD04,,,,,,,,,,,,,,,,,,,,,,,,,,,,,,,,,,,,,,,,,,,,,,,,,,,,,,,,,,,,,,,,,,,,,,,,,,,,,,,,,,,,,,,,,,,,,,,,,,,,,,,,,,,,,,,,,,,,,,,,,,,,,,,,,,,,,,,,,,,,,,,,,,,,,,,,,,,,,,,,,,,,,,,,,,
DD05,,,,,,,,,,,,,,,,,,,,,,,,,,,,,,,,,,,,,,,,,,,,,,,,,,,,,,,,,,,,,,,,,,,,,,,,,,,,,,,,,,,,,,,,,,,,,,,,,,,,,,,,,,,,,,,,,,,,,,,,,,,,,,,,,,,,,,,,,,,,,,,,,,,,,,,,,,,,,,,,,,,,,,,,,,
DD06,,,,,,,,,,,,,,,,,,,,,,,,,,,,,,,,,,,,,,,,,,,,,,,,,,,,,,,,,,,,,,,,,,,,3,,,,,,,,,,,,,,,,,,,,,,,,,,,,,,,,,,,,,,,,,,,,,,,,,,,,,,,,,,,,,,,,,,,,,,,,,,,,,,,,,,,,,,,,,,,,,,,,,,,,,,
AS08,,,,,,,,,,,,,,,,,,,,,,,,,,,,,,,,,,,,,,,,,,,,,,,,,,,,,,,,,,,,,,,,,,,,,,,,,,,,,,,,,,,,,,,,,,,,,,,,,,,,,,,,,,,,,,,,,,,,,,,,,,,,,,,,,,,,,,,,,,,,,,,,,,,,,,,,,,,,,,,,,,,,,,,,,,
AS09,,,,,,,,,,,,,,,,,,,,,,,,,,,,,,,,,,,,,,,,,,,,,,,,,,,,,,,,,,,,,,,,,,,,,,,,,,,,,,,,,,,,,,,,,,,,,,,,,,,,,,,,,,,,,,,,,,,,,,,,,,,,,,,,,,,,,,,,,,,,,,,,,,,,,,,,,,,,,,,,,,,,,,,,,,
AS10,,,,,,,,,,,,,,,,,,,,,,,,,,,,,,,,,,,,,,,,,,,,,,,,,,,,,,,,,,,,,,,,,,,,,,,,,,,,,,,,,,,,,,,,,,,,,,,,,,,,,,,,,,,,,,,,,,,,,,,,,,,,,,,,,,,,,,,,,,,,,,,,,,,,,,,,,,,,,,,,,,,,,,,,,,
VA08,,,,,,,,,,,,,,,,,,,,,,,,,,,,,,,,,,,,,,,,,,,,,,,,,,,,,,,,,,,,,,,,,,,,,,,,,,,,,,,,,,,,,,,,,,,,,,,,,,,,,,,,,,,,,,,,,,,,,,,,,,,,,,,,,,,,,,,,,,,,,,,,,,,,,,,,,,,,,,,,,,,,,,,,,,
VA09,,,,,,,,,,,,,,,,,,,,,,,,,,,,,,,,,,,,,,,,,,,,,,,,,,,,,,,,,,,,,,,,,,,,,,,,,,,,,,,,,,,,,,,,,,,,,,,,,,,,,,,,,,,,,,,,,,,,,,,,,,,,,,,,,,,,,,,,,,,,,,,2,,,,,,,,,,,,,,,,,,,,1,,,,,,,
VA10,,,,,,,,,,,,,,,,,,,,,,,,,,,,,,,,,,,,,,,,,,,,,,,,,,,,,,,,,,,,,,,,,,,,,,,,3,,,,2,,,,,,,,,,,,,,,,,,,,,,,,,,,,,,3,,,,,,,,,1,,,,,,,,,,,,,,,,,,,,,,,,,,,,,1,,,,12,23,,,,,,2,,,,,,4,20,1,,,22,,,,
VA11,,,,,,,,,,,,,,,,,,,,,,,,,,,,,,,,,,,,,,,,,,,,,,,,,,,,,,,,,,,,,,,,,7,,8,,,,,,,,,,,,,,,,,,,,,,,,,,,,,,,,,,,,,,,,,,,,,,,,,,,,,,,,,,,,,,,,,,,,,,,,,,,,,,,,,,,24,,,,,,,,2,,,,,,15,,,,17,6,
VA12,,,,,,,,,,,,,,,,,,,,,,,,,,,,,,,,,,,1,,,,,,,,,,,,,,,,,,,,,,,,,,,,,,,,6,,,,,3,,,,,,,,,,,,,,,,,,,,,,,,,,,,,,,,,,,,,,,,,,,,,,,,,1,,,,,,,6,2,,,,,11,13,,,,,20,17,,,,1,44,,,22,8,,,,,,2,1,,,,,3,19,9,17,2,20,3,2,7
VB05,,,,,,,,,,,,,,,,,,,,,,,,,,,,,,,,,,,,,,,,,,,,,,,,,,,,,,,,,,,,,,,,,,,,,,,,,,,,,,,,,,,,,,,,,,,,,,,,,,,,,,,,,,,,,,,,,,,,,,,,,,,,,,,,1,,,,,,1,,,,,,,,,,,,,,,,,,,,,,,,,,,,,,,,,,,,
VB06,,,,,,,,,,,,,,,,,,,,,,,,,,,,,,,,,,,,,,,,,,,,,,,,,,,,,,,,,,,,,,,,,,,,,,,,,,,,,,,,,,,,,,,,,,,,,,,,,,,,,,,,,,,,,,,,,,,,,,,,,,,,,,,,,,,,,,,,,,,,,,,,,,,,,,,,,,,,,,,,,1,,1,,,,,1,,
VB07,,,,,,,,,,,,,,,,,,,,,,,,,,,,,,,,,,,,,,,,,,,,,,,,,,,,,,,,,,,,,,,,,,,,,,,,,,,,,,,,,,,,,,,,,,,,,,,,,,,,,,,,,,1,,,,,,,,,1,,,,,,,,,,,,,,,,,,,,,,,,,,,,,2,,,5,11,1,,,,,,1,15,,1,,,,3,,,,4,,,,
VB08,,,,,,,,,,,,,,,,,,,,,,,,,,,,,,,,,,,,,,,,,,,,,,,,,,,,,,,,,,,,,,,,,,,,,,,,2,,,,5,,,,,,,,,,,,,,,,,,,,,,,,,,,,,,1,,,,,,,,,,,,,1,,,,,,,,,,,,,,,1,,,,,,,,,,,,,,,53,,,,,,,25,,2,,,1,,2,,,19,1,,,
VB09,,,,,,,,,,,,,,,,,,,,,,,,,,,,,,,,,,,,,,,,,,,,,,,,,,,,,,,,,,,,,,,,,,,,,,,,,,,,,,,,,,,,,,,,,,,,,,,,,,,,,,,,,,,,,,,,,,,,,,,,,,,,,,,,,,1,,,,,,,,,,,,,,,,,,,21,17,,,,,,,,10,,,,1,,7,,,12,5,,
VB10,,,,,,,,,,,,,,,,,,,,,,,,,,,,,,,,,,,,,,,,,,,,,,,,,,,,,,,,,,,,,,,,,4,,1,,,,,,,,,,,,,,,,,,,,,,,,,,,,,,,,,,,,,,,,,,,,,,,,,,,,,,,,,,,,,,,,,,,,,,,,,,,,,,,,,,,23,,,,,,,3,2,,,,2,1,,1,,,8,,
VB11,,,,,,,,,,,,,,,,,,,,,,,,,,,,,,,,,,,,,,,,,,,,,,,,,,,,,,,,,,,,,,,,,,,7,,,,,,,,,,,,,,,,,,,,,,,,,,,,,,,,,,,,,,,,,,,,,,,,,,,,,,,,,,,,,,,,,,,,,,,,,,,,,,,,,,,2,,,,,,,,4,,,,,,1,,,,,,4
VD09,,,,,,,,,,,,,,,,,,,,,,,,,,,,,,,,,,,,,,,,,,,,,,,,,,,,,,,,,,,,,,,,,,,,,,,,,,,,,,,,,,,,,,,,,,,,,,,,,,,,,,,,,,,,,,,,,,,,,,,,,,,,,,,,,,,,,,,,,,,,,,,,,,,,,,,,,,,,1,,,,1,,2,,,,,,,,
VD10,,,,,,,,,,,,,,,,,,,,,,,,,,,,,,,,,,,,,,,,,,,,,,,,,,,,,,,,,,,,,,,,,,,,,,,,5,,,,,,,,,,,,,,,,,,,,,,,,,,,,,,,,,,,,,,,,,,,,,,,,,,,,,,,,,,,,,,,,,,,,,,,,,,,,,6,,,,,,,,,,,,,,3,,,,,,,
VD11,,,,,,,,,,,,,,,,,,,,,,,,,,,,,,,,,,,,,,,,,,,,,,,,,,,,,,1,,,,,,,,,,,,,3,,,,,2,,,,,,,,,,,,,,,,,,,,,,,,,,,,,,,,,,,,,,,,,,,,,,,,,,,,,,,,,,,,,,,,,,,,,,,,,,,,,,4,,,,,,,2,1,,,,,2,4,,,,,,
VD12,,,,,,,,,,,,,,,,,,,,,,,,,,,,,,,,,,,,1,,,,,,,,,,,,,,,,,,,,,,1,,,,,,,,,,,,,2,1,,,,,,,,,,,,,,,,,,,,,,,,,,,,,,,,,,,,,,,,,,,,,,,,,,,,,,,,,,,,,,,,,,,,,,,,,,,,,,8,,,,,,,3,,,,,,,2,,,,,,
VD13,,,,,,,,,,,,,,,,,,,,,,,,,,,,,,,,,,,,,,,,,,,,,,,,,,,,,,,,,,,,,,,,,3,,10,,,,,1,,,,,,,,,,,,,,,,,,,,,,,,,,,,,,,,,,,,,,,,,,,,,,,,,,,,,,,,,,,,,,,,,,,,,,,,,,2,,,,,,,,,,,,6,,,,,,,,,,,1,3
