,PHAL,PHAR,PHBL,PHBR,R2BL,R2BR,R3BR,R4BL,R4BR,R8AL,R8AR,R8BL,R8BR,R9AL,R9AR,R1BL,R1BR,R3BL,R5BL,R5BR,R6AL,R6AR,R6BL,R6BR,R7AL,R7AR,R7BL,R7BR,R9BL,R9BR,R1AL,R1AR,R2AL,R2AR,R3AL,R3AR,R4AL,R4AR,R5AL,R5AR,HOA,HOB,PCAL,PCAR,PCBL,PCBR,PCCL,PCCR,SPCL,SPCR,SPDL,SPDR,SPVL,SPVR,LUAL,LUAR,CP07,CP08,CP09,CA02,CA03,CA04,CA05,CA06,PVY,PVX,PVV,PDA,PDB,PDC,AS11,PVZ,CP01,CP02,CP03,CP04,CP05,CP06,DX1,DX2,DX3,DVB,DVC,DVE,DVF,EF1,EF2,EF3,AVG,AVL,PVS**,PVU**,PVT,AN3a*,AN3b*,PVNL,PVNR,CA07,CA08,CA09,PGA,PHCL,PHCR,PLML,PLMR,PLNR,PQR,PVM,PVDL,PVDR,PDEL,PDER,PVR,AVKL,AVKR,DVA,PVWL,PVWR,AN1a*,*AN1b,AN2a*,AN2b*,PVQL,PVQR,AVAL,AVAR,AVBL,AVBR,AVDL,AVDR,PVCL,PVCR,DA04,DA05,DA06,DA07,DA08,DA09,DB03,DB04,DB05,DB06,DB07,DD03,DD04,DD05,DD06,AS08,AS09,AS10,VA08,VA09,VA10,VA11,VA12,VB05,VB06,VB07,VB08,VB09,VB10,VB11,VD09,VD10,VD11,VD12,VD13
PHAL,,24,35,,,,,,,,,,,,,,,,,3,,,,,,,1,,,,,,,,,,,,,,,,,,,,,,,,,,,,,,,,,,,,,,,,2,,2,,,,,,,,,,,,,,,,,,,,,,,,,,2,,,,,,,,,,,,1,,,,,,,,,,,,,19,,,11,,2,,,,,,14,,,,,,,,,,,,,,,,,,,,,,,,,,,,,,,,,,,,
PHAR,24,,,46,,,,,,,,,,,,,,,,,,,,,,,,,4,,,,,,,,,,,,,,1,,,,,,,,,,,,,,,,,,,,,,,,,,,,,,,,,,,,,,,,,,,,3,,5,,,,,3,,,,,,,,,,,,,,,,,,,,,,,,,3,13,,,,59,,,,,,,,7,,,,,,,,,,,,,,,,,,,,,,,,,,,,,,,,,,,
PHBL,35,,,13,,,,,,,,,,,,,,,,,,,,,,,,,,,,,,,,,,,,,,,,,,,,,,,,,,,,,,,,,,,,,1,,,,,,,,,,,,,,,,,,,,,,,,,,,,,,,,,,,,,,,,,,,,,,,,,,,,,,,,,,,,,,,,,,,,,,,,,,,,,,,,,,,,,,,,,,,,,,,,,,,,,,
PHBR,,46,13,,,,,,,,,,,,,,,,,,,,,,,,,,,,,,,,,,,,,,,,,,,,,,,,,,,,,,,,,,,,,,2,,,,13,,,,,,,,,,,,,,,,,1,7,,,,,,,,,,,,,,,,,,,,,,,,,,,,,,,,,1,,,,4,,,,,,,,,,,,,,,,,,,,,,,,,,,,,,,,,,,,,,,,,,,
R2BL,,,,,,,,4,,5,,1,11,,,,,,,,,,,,,,,,,,,,1,,,,,,,,,,,,3,,,,,,,,,,11,,,,,,,,,,3,,,,,,,,,,,,,,,,,,,,,1,,,,,,,,,,,,,,,,,,2,,,,,,,,,,,,,,,,,,,,,,,,,,,,,,,,,,,,,,,,,,,,,,,,,,,,,,,,,,,,,,,
R2BR,,,,,,,1,,14,1,,,,,,,,,,,,,,,,,,,,,,,,6,,,,2,,,,,,,,2,,3,,,,,,,,7,,,,,,,,,,,,,,,,,,,,3,,,,,,,,,,,,,,,,,,,,,,,,,,,,,,,,,,,,,,,,,,,,,,,,,,,,,,,,,,,,,,,,,,,,,,,,,,,,,,,,,,,,,,,,,,,
R3BR,,,,,,1,,,,,,,,,,,2,13,,,,,,,,,,,,,,,,2,,,,,,,,,,,,,,,,,,,,,,,,,,,,,,,,,1,,,,,,4,,5,,,,,,,,,,,,,,,,,,,1,,,,,,,,,,,,,,,,,,,,,,,,,,,,,,,,,,,,,,,,,,,,1,,,,,,,,,,,,,,,,,,,,,,,,,,,,,
R4BL,,,,,4,,,,,,,9,,2,,,,,,,,,,,1,,,2,,,,,,,2,,,,,,,,,,,,,,,,,,2,,,,,,,,,,,,,,,,,,,,,,,,,,,,,,,,,,,,,,,,,,,,,,,,,,,,,,,,,,,,,,,,,,,,,,,,,,,,,,,,,,,,,,,,,,,,,,,,,,,,,,,,,,,,,,,,,,
R4BR,,,,,,14,,,,,,,,,,,,,,,,,,,,,,,,,,,,,,,,2,,,,,,,,,,,,,,,,,,,,,,,,,,,,,,,,,2,,,,,,,,,,,,,,,,,,,,,,,,,,,,,,,,,,,,,,,,,,,,,,,,,,,,,,,,,,,,,,,,,,,,,,,,,,,,,,,,,,,,,,,,,,,,,,,,
R8AL,,,,,5,1,,,,,31,5,,,,,,,,,,,,,,,,,,,,,,,,,,,,,4,,,,,,,,,,,,24,3,5,,,,,,,,,,,,,,,,,,,,,,,,,,,,,,,,,,,,,,,,,,,,,,,,,,,,,,,,,,,,,,,,,,,,,,,,,,,,,,,,,,,,,,,,,,,,,,,,,,,,,,,,,,,,,,,,
R8AR,,,,,,,,,,31,,2,,,,,,,,,,,,,,,,,,,,,,,,,,,,,14,,,,,,,,,,,,,7,,4,,,,,,,,,,1,,,,,,,,,,,,,,,,,,,,,,,,,,,,1,,,,,,,,,,,,,,,,,,,,,,,,,,,,,,,,,,,,,,,,,,,,,,,,,,,,,,,,,,,,,,,,,,,,,,,,,
R8BL,,,,,1,,,9,,5,2,,8,,,,,,,,,,,,,,,,,,,,,,,,,,,,,,,,,,,,,,,,,,,,,,,,,,,,,,,,,,,,,,,,,,,,,,,,,,,,,,,,,,,,,,,,,,,,,,1,,,,,,,,,,,,,,,,,,,,,,,,,,,,,,,,,,,,,,,,,,,,,,,,,,,,,,,,,,,,
R8BR,,,,,11,,,,,,,8,,,,,,,,,,,,,,,,,,,,,,,,,,,,,,,,,,,,1,,,,,,,,,,,,,,,,,,,,,,,,,,,,,,,,,,,,,,,,,,,,,,,,,1,,,,,,,,,,,,,,,,,,,,,,,,,,,,,,,,,,,,,,,,,,,,,,,,,,,,,,,,,,,,,,,,,,,,,,
R9AL,,,,,,,,2,,,,,,,,,,,,,,,,,,,,,,,,,,,,,,,2,,12,,,,,,,,,,,,,,,,,,,,,,,,,,8,,,,,,,,,,,,,,,,,,,,,,,,,,,,,,,,,,,3,,,,,,,,,,,,,,,,,,,,,,,,,,,,,,,,,,,,,,,,,,,,,,,,,,,,,,,,,,,,,,,,,
R9AR,,,,,,,,,,,,,,,,,,,,,,,,,,1,,,,1,,,,,,,,,,5,6,,,,,,,,,,,,,,,,,,,,,,,,,,,,,,,,,,,,,,,,,,,,,,,,,,,,,,,,,,,,,,,,,,,,,,,,,,,,,,,,,,,,,,,,,,,,,,,,,,,,,,,,,,,,,,,,,,,,,,,,,,,,,,
R1BL,,,,,,,,,,,,,,,,,,9,,,,,,,,,,,,,1,,2,,,,5,,,,,,,,,,,,,,,,,,,,,,,,,,,,,,1,,,,,,,,,,,,,,,,,,,,,,,,,,,,,,,,,,,,,,,,,,,,,,,,,,,,,,,,,,,,,,,,,,,,,,,,,,,,,,,,,,,,,,,,,,,,,,,,,,,,
R1BR,,,,,,,2,,,,,,,,,,,,,,,,,4,,,,1,,,,,,3,,,,,,,,,,,,,,,,,,,,,,,,,,,,,,,,,,,2,,,,,,,,,,,,,,,,,,2,,3,,,,,6,,,,,,,,,,,,,,,,,,,,,,,,,,,,,,,,,,,,,,,,,,,,3,,,,,,,,,,,,,,,,,,,,,,,,,,,,,
R3BL,,,,,,,13,,,,,,,,,9,,4,,,,,,,,,,,,,,,,,,,,,,,,,,,,,,,,,,,,,,,1,,,,,,,,,,18,,,,,,,,,,,,,,,,,,,4,,,,,,,,,,,,,,,,,,,,,,,,,,,,,,,,,,,,,,,,,,,,,,,,,,,,,,,,,,,,,,,,,,,,,,,,,,,,,,,,,
R5BL,,,,,,,,,,,,,,,,,,,,,,,,,,,,,,,,,6,,,,,,,,,,,,,,,,,,,,,,,,,,,,,,,,,,,,,,,,,,,,,,,,,,,,,,,,,,,,,,,,,,,,,,,,,,,,,,,,,,,,,,,,,,,,,,,,,,,,,,,,,,,,,,,,,,,,,,,,,,,,,,,,,,,,,,
R5BR,3,,,,,,,,,,,,,,,,,,,,,,,,,,1,,,,,,,3,,,,,,4,,,,,,,,,,,,,,,,,,,,,,,,,,,,,1,1,,,,,,,,,,,,,,,,,,,,,,,,,,,,,,,,,,,,,,,,,,,,13,,,,,,,,,,,,,,,,,,,,,,,,,,,,,,,,,,,,,,,,,,,,,,,,,,,,,
R6AL,,,,,,,,,,,,,,,,,,,,,,,,,2,,,,,,,,,,,,2,,,,,,,,,,,,,,,,,,,,,,18,,,,,,,,,,,,3,,,,,,,,,,,,,,,,4,,,,,,,,,,,,,,,,,,,,,,,,,,,,,,,,,,,,,,,,,,,,,,,,,,,,,,,,,,,,,,,,,,,,,,,,,,,,,,,,
R6AR,,,,,,,,,,,,,,,,,,,,,,,,,,,,,,,,,,,,,,6,,,,,,,,,,,,,,,,,,,3,,51,,,,,,,,,,,,12,,,,,,,,,,,,,,,2,5,,,,,,,,,,,,,,,,,,,,,,,,,,,,,,,,,,,,,,,,,,,,,,,,,,,,,,,,,,,,,,,,,,,,,,,,,,,,,,,,
R6BL,,,,,,,,,,,,,,,,,,,,,,,,,,,,,,,,,,,,,,,1,,,,,,,,,,,,,,,,,,,,,,,,,,,,,,,,,,,,,,,,,,,,,,,,2,,,,,,,,,,,,,,,,,,,,,,,,,,,,,,,,,,,,,,,,,,,,,,,,,,,,,,,,,,,,,,,,,,,,,,,,,,,,,,,,
R6BR,,,,,,,,,,,,,,,,,4,,,,,,,,,3,,,,,,,,,,6,,,,,,,,,,,,,,,,,,,,,,,,,,,,,,,,,,,,,,,,,,,,,,,,,,,,,,,,,,,,,,,,,,,,,,,,,,2,,,,,,,,,,,,,,,,,,,,,,,,,,,,,,,,,,,,,,,,,,,,,,,,,,,,,,,,,
R7AL,,,,,,,,1,,,,,,,,,,,,,2,,,,,8,5,,,7,,,,,,,,,,,,,,,,,,,,,,,,,,,1,13,,,,,,,,,5,,3,,,,,,,,,,,,,,,,,,2,,,,,,,,,,,,,,,,,,,,,,,,,,,,,,,,,,,,,,,,,,,,,,,,,,,,,,,,,,,,,,,,,,,,,,,,,,,,,,,,
R7AR,,,,,,,,,,,,,,,1,,,,,,,,,3,8,1,13,2,10,6,,,,,,,1,,,1,,,,,,,,,,,,,,,,,19,10,,,,,,,,,19,,3,6,,,,,,,,,,,,,,,,2,,,,,,,,,,,,,,,1,,,,,,,,,,,,,,,,,,,,,,,,,,,,,,,,,,,,,,,,,,,,,,,,,,,,,,,,,,,,,,,,,,
R7BL,1,,,,,,,,,,,,,,,,,,,1,,,,,5,13,,4,,3,,,,,,,2,4,,,,,,,,,,,,,,,,,,,17,1,8,,,,,,,,20,,2,,,,,,,,,,,,,,,,,1,,,,,,,,,,1,,,,,1,,,,,,,,,,,,,,,,,,,,,,,,,,,,,,,,,,,,,,,,,,,,,,,,,,,,,,,,,,,,,,,,,,
R7BR,,,,,,,,2,,,,,,,,,1,,,,,,,,,2,4,,,,,,,,,,,,,,,,,,,,,,,,,,,,,,,,,,,,,,,,2,,,1,,,,,,,,,,,,,,,,,,,,,,,,2,,,3,,,,,,,,,,,,,,,,,,,,,,,,,,,,,,,,,,,,,,,,,,,,,,,,,,,,,,,,,,,,,,,,,,,,,,
R9BL,,4,,,,,,,,,,,,,,,,,,,,,,,,10,,,,10,,,,,,,,,,,,,,,,,,,,,,,,,,,,,,,,,,,,,,,3,,,,,,,,,,,,,,,,,,,,,,,,,,,,,,,,6,,,,,,,,,,,,,,,,,,,,,,,,,,,,,,,,,,,,,,,,,,,,,,,,,,,,,,,,,,,,,,,,,,
R9BR,,,,,,,,,,,,,,,1,,,,,,,,,,7,6,3,,10,,,,,,,,,,,,,,,,,,,,,,,,,,,,,,,,,,,,,,,,,,,,,,,,,,,,,,,,,,,,,,,,,,,,,,,,,,,,,,,,,,,,,,,,,,,,,,,,,,,,,,,,,,,,,,,,,,,,,,,,,,,,,,,,,,,,,,,,,,
R1AL,,,,,,,,,,,,,,,,1,,,,,,,,,,,,,,,,,11,,,,2,,,,,,,,,,,,,,,,,,,,,,,,,,,,,,,,,,,,,,,,,,,,,,,,,,,,,,,,,,,,,,,,,,,1,,,,,,,,1,,,,,,,,,,,,,,,,,,,,,,,,,,,,,,,,,,,,,,1,,,,,,,,,,,,,,,,,
R1AR,,,,,,,,,,,,,,,,,,,,,,,,,,,,,,,,,,7,,,,,,,,,,,,,,,,,,,,,,,,,,,,,,,,,,,,,,,,,,,,,,,,,,,,,,,,,,,,,,,,,,,,,,,,,,,,,,,,,,,,,,,,,,,,,,,,,,,,,,,,,,,,,,,,,,,,,,,,,,,,,,,,,,,,,
R2AL,,,,,1,,,,,,,,,,,2,,,6,,,,,,,,,,,,11,,,,,,14,,,,,,,,,,,,,,,,,,,1,2,,6,,,,,,,,,,,,,,,,,,,,,,,,,,,3,13,17,,,,,,,,,,,,,,,,1,,,,,,,,,,,,,,,,,,,,,,,,,,,,,,,,,,,,,,,,,,,1,,,,,,,,,,,,,,,,,,,,
R2AR,,,,,,6,2,,,,,,,,,,3,,,3,,,,,,,,,,,,7,,,,,,10,,,,,,,,,,,,,,,,,,,,,2,,,,,,,,,,,,,,,,,,,,,,,,,,,15,15,2,,,,,,,,,,,,,,,,,,,,,,,,,,,,,,,,,,,,2,,,,,,,,,,,,,,,,,,,,,,,,,,,,,,,,,,,,,,,,,,,
R3AL,,,,,,,,2,,,,,,,,,,,,,,,,,,,,,,,,,,,,,,,,,,,,,,,,,,,,,,,,,,,,,,,,,,,,,,,,,,,,,,,,,,,,,,,,,,,,,,,,,,,,,,,,,,,,,,,,,,,,,,,,,,,,,2,,,,,,,,,,,,,,,,,,,,,,,,,,,,,,,,,,,,,,,,,,
R3AR,,,,,,,,,,,,,,,,,,,,,,,,6,,,,,,,,,,,,,,,,,,,,,,,,,,,,,,,,,,,,,,,,,,,,,,1,,,,,,,,,,,,,,,,,,,,,,,,,,,,,,,,,,,,,,,,,,,,,,,,,,,,,,,,,,,,,,,,,,,,,,,,,,,,,,,,,,,,,,,,,,,,,,,,,
R4AL,,,,,,,,,,,,,,,,5,,,,,2,,,,,1,2,,,,2,,14,,,,2,7,,,,,,,,,,,,,,,,,,,1,,,,,20,,,,,,,,,,,,,,,,,,,,,,,,,,,,,,,,,,,,,,,,,,,,,,,,,,,,,,,,,,,,,,,,,,,,,,,,,,,,,,,,,,,,,,,,,,,,,,,,,,,,,,,,,
R4AR,,,,,,2,,,2,,,,,,,,,,,,,6,,,,,4,,,,,,,10,,,7,,,,,,,,,,,,,,,,,,,,,,,,,24,,,,,,,,,,,,,,,,,,,,,,,,,,,,,,,,,,,,,,,,,,,,,,,,,,,,,,,,,,,,,,,,,,,,,,,,,,,,,,,,,,,,,,,,,,,,,,,,,,,,,,,,,
R5AL,,,,,,,,,,,,,,2,,,,,,,,,1,,,,,,,,,,,,,,,,,,,,,,,,,,,,,,,,,,,,,,,,,,,,,,,11,,,,,,,,,,,,,,,,,,,,,,,,,,,,,,,,,,,,,,,,,,,,,,,,,,,,,,,,,,,,,,,,,,,,,,,,,,,,,,,,,,,,,,,,,,,,,,,,,
R5AR,,,,,,,,,,,,,,,5,,,,,4,,,,,,1,,,,,,,,,,,,,,,4,,,,,,,,,,,,,,,,,,,,,,,,,,,,,62,,,,,,,,,,,,,,,,,,,,,,,,,,,,,,,,,,,,,,,,,,,,,,,,,,,,,,,,1,,,,,,,,,,,,,,,,,,,,,,,,,,,,,,,,,,,,,,,,1,
HOA,,,,,,,,,,4,14,,,12,6,,,,,,,,,,,,,,,,,,,,,,,,,4,,14,31,43,47,2,,,,,,,,,2,6,,,,,,,,12,,,,,7,,,55,2,,,,,,,,,,,,1,,,,6,,,,,,,,,6,,,1,,,,,,,,,,,,,,,,,,,,,,,2,,,,,,,,,,,,,,,,,,,,,,,,,,,,,,,,,,,,,,,,,,,
HOB,,,,,,,,,,,,,,,,,,,,,,,,,,,,,,,,,,,,,,,,,14,,,,24,19,3,5,6,2,,,,,1,,,,,,,,,,1,1,,,,,,,4,,,,,4,,,,11,,,8,,,,,,,,,,,,,,,,,,,,,,,,,,,,,,6,,,,,,,,,,,,,,,,,,,,,,,,,,,,,,,,,,,,,,,,,,,,,,,,,,,,
PCAL,,1,,,,,,,,,,,,,,,,,,,,,,,,,,,,,,,,,,,,,,,31,,,3,,,,,5,,,,,,,,,,,,,,,,,1,,,,,,,,,,,,,,,,,,,,,,,2,,,,,,,,,,,,,,,,,,,,,,,,,,,,,,,,,,,1,,,,,,,,,,,,,,,,,,,,,,,,,,,,,,,,,,,,,,,,,,,
PCAR,,,,,,,,,,,,,,,,,,,,,,,,,,,,,,,,,,,,,,,,,43,,3,,,,,,,2,,,,,,,,,,,,,,,,2,7,,2,,,,,,,,,,,,,,,,,,,,,,,,,,,,,,,,,,,,,,,,,,,,,,,,,,,,,,,,,,,,,,,,,,,,,,,,,,,,,,,,,,,,,,,,,,,,,,,,,,
PCBL,,,,,3,,,,,,,,,,,,,,,,,,,,,,,,,,,,,,,,,,,,47,24,,,,3,8,,,,6,,,,,,,,1,,,,1,1,,,,,,,,,,,,,,,,,,,,,,,,,2,,,,,,,,,,,,,,,,,,,,,,,,,,,,,,,,,,,,,,,,,,,,,,,,,,,,,,,,,,,,,,,,,,,,,,,,,,,,,,
PCBR,,,,,,2,,,,,,,,,,,,,,,,,,,,,,,,,,,,,,,,,,,2,19,,,3,,,6,,,,14,,,,,,,2,,,,,,,4,1,,,,,,,,,,,,,,,,,,,,,,,,,,,,,,,,,,,,,,,,,,,,,,,,,,,,,,,,,,,,,,,,,,,,,,,,,,,,,,,,,,,,,,,,,,,,,,,,,,,,
PCCL,,,,,,,,,,,,,,,,,,,,,,,,,,,,,,,,,,,,,,,,,,3,,,8,,,80,10,1,,,,1,,,,,,,,,20,,,,,,,,,6,,,,,,,,,,,,,,,,,,,,,,,,,,,,,,,,,,,,,,,,,,,,,,,,,,,,,,,,,,,,,,,,,,,,,,,,,,,,,,,,,,,,,,,,,,,,,,,
PCCR,,,,,,3,,,,,,,1,,,,,,,,,,,,,,,,,,,,,,,,,,,,,5,,,,6,80,,,9,,1,,,,,,,,,,,3,2,,,,,,,,,,,,2,1,2,,,,,,,,,,,,,,,,,,,,,,,,,,,,,,,,,,,,,,,,,,,,,,,,,,,,,,,,,,,,,,,,,,,,,,,,,,,,,,,,,,,,,,,,,
SPCL,,,,,,,,,,,,,,,,,,,,,,,,,,,,,,,,,,,,,,,,,,6,5,,,,10,,,,9,,3,,,,,,,,,,,,,,,,,,,,,,,,,,,,,,,,32,,,7,,,,,,,,,,,,,,,,,,,,,,,,,,,,,,,,,,,,,,,,,,,,,,,,,,,,,,,,,,,,,,,,,,,,,,,,,,,,,,,
SPCR,,,,,,,,,,,,,,,,,,,,,,,,,,,,,,,,,,,,,,,,,,2,,2,,,1,9,,,,,4,2,,,,,,,,,4,4,,,,,,,,,,,,,,,,,,,,4,,9,14,,,,,,,,,,,,,,,,,,,,,,,,,,,,,,,,,,,,,,,,,,,,,,,,,,,,,,,,,,,,,,,,,,,,,,,,,,,,,,,,
SPDL,,,,,,,,,,,,,,,,,,,,,,,,,,,,,,,,,,,,,,,,,,,,,6,,,,9,,,30,3,2,,,,,3,,,,,,,,1,,,,,,,,,,,1,,,,,2,,,,,,,,,,,,,1,,,,,,,,,,,,,,,,,,,,,,,,,,,,,,,,,,,,,,,,,,,,,,,,,,,7,,,,,,,,,,,,,,,,,,,,
SPDR,,,,,,,,,,,,,,,,,,,,,,,,,,,,,,,,,,,,,,,,,,,,,,14,,1,,,30,,1,4,,,,,,,,,,1,,,,,,,,1,,1,,,,,,,,,,,,,,,,,,,,,,,,,,,,,,,,,,,,,,,,,,,,,,,,,,,,,,,,,,,,,,,,,,,,,,,,,,,,,,,,,,,,,,,,,,,,,
SPVL,,,,,,,,2,,24,,,,,,,,,,,,,,,,,,,,,,,,,,,,,,,,,,,,,,,3,4,3,1,,42,,,,,,,,,13,1,2,,1,,,,,1,,,,,,,,,,1,4,2,,,,,,,3,4,29,,,3,,2,,,,,,,,,1,,,,,,,,,,,,,,,,,,,,,,,,,,,,,,,,,,,,,,,1,,,,,,,,,,,,,,,,,,1,,,
SPVR,,,,,,,,,,3,7,,,,,,,,,,,,,,,,,,,,,,,,,,,,,,,,,,,,1,,,2,2,4,42,2,,1,1,1,,,,,11,7,,,1,,,,,1,,,,,,,,,,,2,,,,,,,,2,1,1,,,,,2,,,,,,,,,1,,,,,,,,,,,,,,,,,,,,,,,,,,,,,,,,,,,,,,,2,5,,,,,,,,,,,,,,,,,1,3,,
LUAL,,,,,11,,,,,5,,,,,,,,,,,,,,,,,,,,,,,,,,,,,,,2,1,,,,,,,,,,,,,,10,,,,,,,,,,,,,,,,,,,,,,,,,,,,,,,,,,,,,,,,,2,,,,,,,,,,,,,,,,,,,,,,,,,,,,,,,,,,,,,,,,,,,,,,,,,,,,,,,,,,1,,,,,,,,,,,,
LUAR,,,,,,7,,,,,4,,,,,,,,,,,,,,,,,,,,,,1,,,,,,,,6,,,,,,,,,,,,,1,10,,,,,,,,,,,,,,,,,,,,,,,,,,,,,,,,,,,,,,,,,,,,,,,,,,1,,,,,,,,,,,,,,,,,,,,,,,,,,,,,,,,,,,,,,,,,,,,,,,,,,,,,,,,,,,,,,
CP07,,,,,,,,,,,,,,,,,,1,,,,3,,,1,19,17,,,,,,2,,,,1,,,,,,,,,,,,,,,,,1,,,,,,,,,,,,,7,,,,17,,,,,,,,,,,,,,,,,2,,,,,,,,1,,5,,,,,,,,,,,,,,,,,,,,,,,,,,,,,,,,,,,,,,,,,,,,,,,,,1,,2,,,,,,,,,,,,,,,,,,
CP08,,,,,,,,,,,,,,,,,,,,,,,,,13,10,1,,,,,,,,,,,,,,,,,,,,,,,,,,,1,,,,,,,,,,,,,,,,,4,,,,,,,,,,,,,,,,,,,,,,,,,,,1,,2,,,,,,,,,,,,,,,,,,,,,,,,,,,,,,,,,,,,,,,,,,,,,,,,,,,,,,,,,,,,,,,,,,,
CP09,,,,,,,,,,,,,,,,,,,,,18,51,,,,,8,,,,,,6,2,,,,,,,,,,,1,2,,,,,3,,,,,,,,3,,,,,,,,3,,1,,,,,,,,,,,,,,,,,,,,,,,,,,,,,,,3,,,,,,,,,,,,,,,2,,,,,,,,,,,,,,,,,,,,,,,,,,,,,,,,1,,,,,,,,,,,,,,,,,,,,
CA02,,,,,,,,,,,,,,,,,,,,,,,,,,,,,,,,,,,,,,,,,,,,,,,,,,,,,,,,,,,,,,,,,,,,,,,,,,,,,,,,,,,,,,,1,1,,,,,,,,,,,,,,,,,,,,,,,,,,,,,,,,,,,,,,,,,,,,,,,,,,,,,,,,,,,,,,,,,,,,,,,,,,,,,,,
CA03,,,,,,,,,,,,,,,,,,,,,,,,,,,,,,,,,,,,,,,,,,,,,,,,,,,,,,,,,,,,,,,,,,,,,,,,,,,,,,,,,,2,,,,,,,,7,,,,,,,,,,,,,,,,,,,,,,,,,,,,,,,1,1,,,,,,,,,,,,,,,,,,,,,,,1,,,,,,,,,,,,,,,,,,,,,,
CA04,,,,,,,,,,,,,,,,,,,,,,,,,,,,,,,,,,,,,20,24,,,,,,,,,,,,,,,,,,,,,,,,,,,,,75,,,,,,,,,,,,,,,,,,,,,,,,,,,,,,,,,,,,,,,,,,,,,,,,2,,,,,,,,,,,,,,,,,,,,,,,,,,,,,,,,,,,,,,,,,,,,,,,,,,,,
CA05,,,,,,,,,,,,,,,,,,,,,,,,,,,,,,,,,,,,,,,,,,,,,1,,20,3,,4,,,13,11,,,,,,,,,7,173,,11,,,,,,45,7,,4,13,22,2,,,,,,,,,1,,,,28,,,,,,,1,,,,,,,,,,,,,,,,,3,,,,,,,2,6,7,1,,,,,,,,,,,,,,,,,,,,13,3,,,,,,,,,,,,,2,,,,,,,,
CA06,,,,,,,,,,,,,,,,,,,,,,,,,,,,,,,,,,,,,,,,,12,,,,1,,,2,,4,,1,1,7,,,,,,,,,173,,,,,,,,,14,,3,4,1,,1,,,,,5,,2,,,,,,11,,,,,,,,,,,,,,,,,3,,,,,,2,1,,,,,,,,5,7,,,,,,,,,,,,,,,,,,,,,,,,,,,,,,,,,,,,5,,,,,,,
PVY,,,1,2,3,,,,,,,,,,,,,,,,,,,,,,,,,,,,,,,,,,,,,1,,,,,,,,,,,2,,,,,,,,,,,,,5,,,,,,,,,,,,,,,,,2,,12,,,13,,,,4,,,,8,1,,,,,,,,,,,,,,,,,,,,,,1,,,,,,,,,,,,,,,,,,,,,,,,,,,,,,,,,,,,,,,,,,1,,,,,,
PVX,,,,,,,,,,,1,,,,,,,,,,,,,,,,,,,,,,,,,,,,,,,1,1,2,,4,,,,,,,,,,,,,,,,,11,,5,,,,,,,,,,,,,,,,,,,,,,3,21,5,,,3,,1,,4,,,,,,,,,,,59,,,,,,,,1,,,,,,4,4,,,5,19,5,6,,,,,,,,,,,,,,,,,7,4,2,,,,,,,,1,,,,3,,,,,,,,
PVV,2,,,,,,1,,,,,,,8,,1,,18,,,,,,,5,19,20,2,,,,,,,,,,,,,,,,7,,1,,,,,1,,1,1,,,7,,3,,,75,,,,,,,,,,,,,,,,,,,6,,,,,,,,,,,,,,,1,,,,,,,,,,,,,,,,,,,,,,,1,,,,,,,,,,,,,,,,,,,,,,,,,,,,,,,,,,,,,,,,,,,,,1,,1,1
PDA,,,,,,,,,,,,,,,,,,,,,,,,,,,,,,,,,,,,,,,,,,,,,,,,,,,,,,,,,,,,,,,,,,,,,5,,1,,,,,,,,,,,,,3,,,,,10,3,2,17,2,,,,,,,,,,,,,,,,,,,,,,,10,,,,,,,,1,,,,,,,,,,,,,,3,,,,,,,,,,,,,,,,,,,,,,,,,,,,,4
PDB,2,,,13,,,,,,,,,,,,,2,,,1,,,,,3,3,2,,3,,,,,,,,,,,,7,,,2,,,,,,,,,,,,,,,1,,,,,,,,,5,,34,,6,2,,,,,,,,,,,,,10,20,1,,30,,,,,,,1,,,,,,,,,,,,,,,,,,,1,,,,,,,,6,,,,,,,,,,,,,8,,,,,,,,,,,,,,,,,,,,,,,,,,,,,,1
PDC,,,,,,,,,,,,,,,,,,,,1,,,,,,6,,1,,,,,,,,1,,,11,62,,,,,,,,,,,,,,,,,,,,,,,,,,,,,34,,,,,,,,,,,,,,,,,,3,,,,,,,,,,2,,,,,,,,,,,,,,,,,3,,3,,,,,,,,,,,,,,,,,,,,,,,,,,,17,,,,,,,,,,,,,,,,,,,1,,,,,
AS11,,,,,,,,,2,,,,,,,,,,,,3,12,,,,,,,,,,,,,,,,,,,,,,,,,,,,,,,,,,,17,4,,,,,,,,,,1,,,,,,,,,,,,,,,,,,1,,1,,,,,,,,,,,,,,,,,,,,,,,,,,,,,,,,,,,,,,,,,,,,,,,,,,2,,,,,,,,,,,,,,,,,,,,,,,,,,,,,1
PVZ,,,,,,,,,,,,,,,,,,,,,,,,,,,,,,,,,,,,,,,,,55,,,,,,6,,,,,1,1,1,,,,,,,,,45,14,,,,,6,,,5,3,,,,1,,,,8,,3,,,2,3,,3,,,4,,,,,,,,,,,,,,,,,2,,,,,,,,,,,,,,,,,,,,,,,,,,,,,,,,,,,1,2,25,2,,,,,,9,,,,5,,,,,,11,4,,,
CP01,,,,,,,4,,,,,,,,,,,,,,,,,,,,,,,,,,,,,,,,,,2,4,,,,,,,,,,,,,,,,,,,,,7,,,,,,2,,,3,,30,5,5,,3,,,,1,2,,1,,,1,,,,,,,,,,,,,,,,,,,,,,,,,,,,,,,,,,,,,,,,,,,,,,,,,,,,,,,,,,,,,,,,,,,,,,,,,,,,,,,
CP02,,,,,,,,,,,,,,,,,,,,,,,,,,,,,,,,,,,,,,,,,,,,,,,,,,,,1,,,,,,,,,,,,3,,,,,,,,,30,,13,6,,,,,,,,,,,,,,,,,,,,,,,,,,,,,,,,,,,,,,,,,,,,,,,,,,,,,,,,,,,,,,,,,,,,,,,,,,,,,,,,,,,,,,,,,,,
CP03,,,,,,,5,,,,,,,,,,,,,,,,,,,,,,,,,,,,,,,,,,,,,,,,,,,,,,,,,,,,,,,,4,4,,,,,,,,,5,13,,19,,,,,,,1,,,,,,,,,,,,,,,,,,,,,,,,,,,,,,,,,,,,,,,,,,,,,,,,,,,,,,,,,,,,,,,,,,,,,,,,,,,,,,,,,,,,
CP04,,,,,,3,,,,,,,,,,,,,,,,,,,,,,,,,,,,,,,,,,,,,,,,,,2,,,,,,,,,,,,,,,13,1,,,,,,,,,5,6,19,,12,3,,,,,1,,1,6,3,2,,,,,,,,,,,,,,,,,,,,,,,,,,,,,,,,1,1,,,,,,,,,,,,,,,,,,,,,,,,3,9,,,,,,,,,,,,,,,,,,,,,
CP05,,,,,,,,,,,,,,,,,,,,,,,,,,,,,,,,,,,,,,,,,,,,,,,,1,,,,,,,,,,,,,,,22,,,,,,,,,1,,,,12,,33,,,,,1,,1,2,1,6,5,,,1,,,,,,,,,,,,,,,,,,,,,,,,,,,,,1,,,1,,2,,,,,,,,,,,,,,,,,,,2,,,,,,,,,,,,,,,,,,,,,,
CP06,,,,,,,,,,,,,,,,,,,,,,,,,,,,,,,,,,,,,,,,,,4,,,,,,2,,,1,,,,,,,,,,,,2,1,,,,,,,,,3,,,3,33,,,,,,1,1,,1,,1,,,,,,,,,,,,,,,,,,,,,,,,,,,,,,,,,,,,,,,,,,,,,,,,,,,,,,,,,,,,,,,,,,,,,,,,,,,,,,,
DX1,,,,,,,,,,,,,,,,,,,,,,,,,,,,,,,,,,,,,,,,,,,,,,,,,,,,,,,,,,,,,,,,,,,,,,,,,,,,,,,,,,,,,,,,,,,,,,,,,,,,,,,,,,,,,,,,,,,,,,,,,,,,,,,,,,,,,,,,,,,,,,,,,,,,,,,,,,,,,,,,,,,,,,,
DX2,,,,,,,,,,,,,,,,,,,,,,,,,,,,,,,,,,,,,,,,,,,,,,,,,,,,,,,,,,,,,,,,,,,,,,,,,,,,,,,,,,,,,,,,,,,,,,,,,,,,,,,,,,,,,,,,,,,,,,,,,,,,,,,,,,,,,,,,,,,,,,,,,,,,,,,,,,,,,,,,,,,,,,,
DX3,,,,,,,,,,,,,,,,,,,,,,,,,,,,,,,,,,,,,,,,,,,,,,,,,,,,,,,,,,,,,,,,,,,6,,,,,8,,,,,,,,,,,,,,,,,,,,,,,,,,,,,,,,,,,,,,,,,,,,,,,,,,,,,,,,,,,,,,,,,,,,,,,,,,,,,,,,,,,,,,,,,,,,,,,
DVB,,,,,,,,,,,,,,,,,,,,,,,,,,,,,,,,,,,,,,,,,,11,,,,,,,,,,,1,,,,,,,,2,,,,,,,,,,,,1,,,,,,,,,2,8,,7,,,2,1,11,,,,,,,,,,,,,,,,,,,,,,,,,,,,,,,,,,5,,,,,,,,,,,,,,,,,,,,,,1,,,,,,,,,,,,,,,,,,,,,
DVC,,,,,,,,,,,,,,,,,,,,,,,,,,,,,,,,,,,,,,,,,,,,,,,,,,,2,,4,2,,,,,,,,,,5,2,,,,,,,3,2,,1,1,1,1,,,,8,,3,10,,,4,,1,6,2,5,,,,,,,,,,,,,,,,,1,,,,,,,,,,,,,,,,,,,,,,,,,,,7,,,,,,,,,,,,,,,,,,,,,,,,,,,,,,
DVE,,,,,,,,,,,,,,,,,,,,,,,,,,,,,,,,,,,,,,,,,,,,,,,,,,4,,,2,,,,,,,,,,,,,,,3,,,,,,,,,,1,,,,,3,,3,2,,,5,2,,1,,,,,,,,,,,,,,,,,,,,,,,,,,,,,,,,,,,,,,,,,,,,,,,,,,,,,,,,,,,,,,,,,,,,,,,,,,,
DVF,,,,,,,,,,,,,,,,,,,,,,,,,,,,,,,,,,,,,,,,,1,8,,,,,,,32,,,,,,,,,,,,,,,2,12,,,,,,,,1,,,1,1,,,,,7,10,3,1,,,,3,,,,,,,,,,,,,,,,,,,,,,,,,,,,,,,,,,,3,,,,,,,,,,,,,,,,,,,,,2,,,,,,,,,,,,,,,,,,,,,,
EF1,,,,1,1,,,,,,,,,,,,,4,,,,2,,,,2,1,,,,,,3,15,,,,,,,,,,,,,,,,9,,,,,,,,,,,,,,,,,,,10,,1,2,,,,6,2,1,,,,,,2,,,52,15,9,1,,,,,,1,11,,,1,,,,,,,,,,,,,,,,,,,1,1,,2,,,,,,,,,,,,,,,,,,,,,,,,5,,,,,,,,,,,,,,,,,,,,,
EF2,,3,,7,,,,,,,,,,,,,2,,,,4,5,2,,2,,,,,,,,13,15,,,,,,,,,,,,,,,,14,,,,,,,,,,1,,,1,,,3,,,20,3,,3,,,,3,1,,,,,,,,,52,,22,1,2,,,,,,,8,,2,,,,,,,,,,,,,,,,,,,,,,16,16,,,,,,1,,,,,,,1,,,,,,,,,,,,,,,,,,2,,,,,,,,,2,,,,,
EF3,,,,,,,,,,,,,,,,,,,,,,,,,,,,,,,,,17,2,,,,,,,,,,,,,,,7,,,,,,,,2,,,1,,,,,13,21,,,1,,1,,1,,,2,6,1,,,,2,4,,,15,22,,6,1,,,,,,,3,,,,,,,,,,,,,,,,,,,,,,1,,3,9,,,,,,,,,,,,,,,,,,,,,,,,,4,,,,,,,,,,,,,,,,,1,,,
AVG,,5,,,,,,,,,,,,,,,3,,,,,,,,,,,,,,,,,,,,,,,,6,,2,,2,,,,,,,,,,,,,,,,,,,,,5,,10,,,,3,,,,,5,,,,,1,,5,3,9,1,6,5,2,,22,,5,,2,1,3,,,,,,,,,17,,1,,,,,,,12,,,1,,6,7,,7,,,11,11,,,,5,,,,,,2,,,,,,,,,,,,,,,,,,,,,,,,,,,,,2
AVL,,,,,,,,,,,,,,,,,,,,,,,,,,,,,,,,,,,,,,,,,,,,,,,,,,,,,,,,,,,,,7,,,,,,,3,30,,,,,,,,,,,,,11,1,2,,1,2,1,2,,,,,,,,,,,,,,,,,,,,,,,,,,,,,,,,,,,,,,,,,,,,,,,,,,,,,,,,,1,,,,,,,,,,,,,,,,,,,,,
PVS**,,,,,,,,,,,,,,,,,,,,,,,,,,,,,,,,,,,,,,,,,,,,,,,,,,,,,3,2,,,,,,,,,28,11,,,,2,,,,,,,,,,,,,,,6,,,,,,,,,14,8,6,,,,,,7,,,,,,,10,,,,,,,,50,14,,,,,,,6,,,,,,,,,,,,,,,,,,,,,,,,,,,,,,,,,,,,1,,,,,,,,2
PVU**,,,,,,,,,,,,,,,,,,,,,,,,,,,,,,,,,,,,,,,,,,,,,,,,,,,,,4,1,,,,,,,,,,,4,3,,17,,,,4,,,,,1,,,,,,2,1,,,,,22,,14,,5,,,2,1,,,,,,,,,,5,,,,,,,,,,,,,,,,,,,,,,,,,,,,,,,,,,,,,,,2,5,,,,,,,,,,,,,,,,58,8,1,,16
PVT,,,,,,,,,,,,,,,,,,,,,,,,,,,,,,,,,,,,,,,,,,,,,,,,,,,,,29,1,,,,,,,,,,,,,,2,,,,,,,,,,,,,,,5,,,,,,,,8,5,,,,,,,,,,,,,,,5,,,,,,,,,,,,,,,,,,,,,,,,,,,,,,,,,,,,,,,,,,,,,,,,,,,,,,,,,,,,
AN3a*,,3,,,,,1,,,,1,,,,,,6,,,,,,,,,,,2,,,,,,,,,,,,,,,,,,,,,,,,,,,,,,,,,,,,,,1,,,,,,,,,,,,,,,,,,,,,,,5,,6,,,,,1,6,,,,,,,,,,,,,,,,,,,4,,,,,,,,,,,,,,,,2,,,,,,1,,,,,,,,,,,,,,,,,,,,,,,,,,,,,
AN3b*,2,,,,,,,,,,,,,,,,,,,,,,,,,,,,,,,,,,,,,,,,,,,,,,,,,,,,,,,,,,,,,,,,,,,,,,,,,,,,,,,,,,,,,,,,,,,,,,,1,1,,,,,,,,,,1,,,,,,,,,,,,,,,,,,,,,,,,,,,,,,,,,,,,,,,,,,,,,,,1,,,,,,,,,,,,,
PVNL,,,,,,,,,,,,,,,,,,,,,,,,,,,1,,,,,,,,,,,,,,,,,,,,,,,,1,,3,,,,1,,,,,,,,8,4,1,,,,,,,,,,,,,,,,,,,1,,,2,,,2,,1,1,,16,,,,,,,,1,,6,,,,,,,,,,,,,2,,,,,,4,18,2,,1,1,,,,,,,,,,,,,,,,,,,,,,,,,,,,,,,,,,2,,
PVNR,,,,,,,,,,,,,1,,,,,,,,,,,,,,,3,,,,,,,,,,,,,,,,,,,,,,,,,,,2,,,,,,,,,,1,,,,1,2,,,,,,,,,,,,,,,,11,8,3,1,,,1,,6,1,16,,,,,,,,,,2,,,,,,,,,,,,,,,,,,,,,2,5,,,,1,,,,,,,,,,,,,,,,,,,,,,,,,,,,,,,,,,1,
CA07,,,,,,,,,,,,,,,,,,,,,,,,,,,,,,,,,,,,,,,,,6,,,,,,,,,,,,2,2,,,5,1,,,,,1,,,,,,,,,,,,,,,,,,,,,,,,,,3,,,,,,,,,,,,,,,,,,,,,,,,,,,,,,,,,3,,,,,,,,,,,,,,,,,,,,,,,,1,,,,,,,,,,,,,,,,,,,,,
CA08,,,,,,,,,,,,,,,,,,,,,,,,,,,,,,,,,,,,,,,,,,,,,,,,,,,,,,,,,,,,,,,,,,,,,,,,,,,,,,,,,,,,,,,2,,,,,,,,,,,,,3,,,,,,,,,,,,,,,3,,,,,,1,,,,,,,,,,,,,,,,,,,,,,,,,9,,,,,,,,,,,,,,,,,,1,,,
CA09,,,,,,,,,,,,,,,,,,,,,,,,,,,,,,,,,,,,,,,,,,,,,,,,,,,,,,,,,,2,3,,,,,,,,,,,,,,,,,,,,,,,,,,,1,,,,,7,,,,,,,,3,,,,,,,,,,,,,,,,,,,,,,,,,,,,,,,,,,,,,,,,,,,,,,,,,,,3,,,,,,,,,,,,,,,2,,
PGA,,,,,,,,,,,,,,,,,,,,,,,,,,1,1,,6,,,,,,,,,,,,1,,,,,,,,,,,,,,,,,,,,,,,,,,,,,,,,,,,,,,,,,,,,,,,,,,,,,,,,,,,,,,,,,,,,,,,,,,,,,,,,,,,,,,,,,,,,,,,,,,,,,,,,,,,,,,,,,,,,,,,,,,,,,,
PHCL,,,,,,,,,,,,,,3,,,,,,,,,,,,,,,,,,,,,,,,,,,,,,,,,,,,,,,,,,,,,,,,,,,,,,,,,,,,,,,,,,,,,,,,,,,,,,,,,,,,,,,,,,,,,,,,,,,,,,,4,2,,,,,,,,,,,,,,1,,,,,,,,,,,,,,,,,,,,,,,,,,,,,,,,,,,
PHCR,,,,,,,,,,,,,,,,,,,,,,,,,,,,,,,,,,,,,,,,,,,,,,,,,,,,,,,,,,,,,,,,,,,,,,,,,,,,,,,,,,,,,,,,,,,,,,,,,,,,,,,,,3,,,,,,,,,,,,,1,,,,,,1,,,,,,,,1,,,,,,,,,,,,,,,,,,,,,,,,,,,,,,,,,,,
PLML,,,,,2,,,,,,,,,,,,,,,,,,,,,,,,,,1,,1,,,,,,,,,,,,,,,,,,,,,,,,,,,,,,,,,,,,,,,,,,,,,,,,,,,,,,,,,,,,,,,,,,,,,,,,,,,,,,2,3,15,,,,,,,,,,,,2,3,,,3,2,,6,,,,,,,,,,,,,,,,,,,,2,,,,,,,,,,,,,,,
PLMR,,,,,,,,,,,,,,,,,,,,,,,,,,,,,,,,,,,,,,,,,,,,,,,,,,,,,,,,1,,,,,,,,,,,,,,,,,,,,,,,,,,,,,,,,,,,,,,,,1,,,,,,,3,,,,,,,,4,2,11,,,,,,,,,,,,1,,,,,,,1,,,,,,,,,,,,,,,,,,,,2,,,,,,,2,,,,,,,,
PLNR,,,,,,,,,,,,,,,,,,,,,,,,,,,,,,,,,,,,,,,,,,,,,,,,,,,,,,,,,,,,,,,,,,,,,,,,,,,,,,,,,,,,,,,,,,,,,,,,,2,,,,,,,,,,,,,,,,,,,,,,,,,,,,,,,,,,,,,,,,,,,,,,,,,,,,,,,,,,,,,,,,,,,,,,
PQR,1,,,,,,,,,,,1,,,,,,,,,,,,,,,,,,,,,,,,,,,,,,,,,,,,,,,,,1,1,,,,,,,,,,,,59,,,,,,,,,,,,,,,,,,,,,,,17,,10,5,5,,1,6,,,,,,,,,,,,,,,,,,,,,2,2,,,,,,,2,17,,1,1,2,,,5,,,,,,,,,,,,,,,,,,,,,,,,,,,1,1,,,,,,
PVM,,,,,,,,,,,,,,,,,,,,,,,,,,,,,,,,,,,,,,,,,,,,,,,,,,,,,,,,,,,,,,,,3,,,,,,,,,,,,,,,,,,,,,,,,,,,,,,,,,,,,,,,,,,,,1,,,11,8,1,1,,1,,,,,,,,,,,,,,,,,,,,,,,2,,,,,,,,,,,,,,,,,,,,,,,,1,,,,
PVDL,,,,,,,,,,,,,,,,,,,,,,,,,,,,,,,,,,,,,,,,,,,,,,,,,,,,,,,,,,,,,,,,,,,,,,,,2,,,,,,,,,,,,,,,,,1,,,,,,,,,,,,,,,,,,,,,3,,,,,,,,,,,,,,,,4,,,,,,1,,,,,,,,,,,,,,,,,,,,,1,,,,,,,,,,,,,,
PVDR,,,,,,,,,,,,,,,,,,,,,,,,2,,,,,,,,,,,,,,,,,,,,,,,,,,,,,,,,,,,,,,,,,,,,,,,,,,,,,,,,,,,1,,,,,,,,,,,,,,,,,,,,,,,,,,3,,,1,,,,,,,,,,,,,6,,,,,,,2,,,,,,,,,,,,,,,,,,,,,,,,,,,,,,,1,,,,
PDEL,,,,,,,,,,,,,,,,,,,,,,,,,,,,,,,,,,,,,,,,,,,,,,,,,,,,,,,,,,,,,,,,,,,,,,,,,,,,,,,,,,,,,,,,,,,,,,,,,,,,,,,,2,4,,,11,,,,25,,2,1,6,,,,,,,,,,,,,,,,2,,,,,,,,,,,,,,,,,,,,,,,,,,,,,1,4,,,,,
PDER,,,,,,,,,,,,,,,,,,,,,,,,,,,,,,,1,,,,,,,,,,,,,,,,,,,,,,,,,,,,,,,,,,,,,,,,,,,,,,,,,,,,,,,,,,,,,,,,,,,,,,,,,3,2,,,8,,1,25,,,1,,9,,,,,,,,,,,,,,,1,,,,,,,,,,,,,,,,,,,,,,,,,,,,,7,4,,5,,,,
PVR,,,,,,,,,,,,,,,,,,,,,,,,,,,,,,,,,,,,,,,,,,,,,,,,,,,,,,,,,,,,,,,,,,,,,,,,,,,,,,,,,,,,,,,,,,,,,,,,,,,,,,,,15,11,,,1,,,,,,,,1,,,,,,,,,,,,,,,,3,,,,,,,,,,,,,,,,,,,,,,,,,,,,2,,,,,,,
AVKL,,,,,,,,,,,,,,,,,,,,13,,,,,,,,,,,,,,,,,,,,,,,,,,,,,,,,,,,,,,,,,,,,2,,,,,,3,,,,,,,,,,,,,,,,,,,,,,,,,,,,,,,,,,,,,,1,,,2,1,,,,14,,,,,,,,,,1,,,,,,,,,,,,,1,,,,,,,,,,,,,,,,,1,,,,,,1,,,,,
AVKR,,,,,,,,,,,,,,,,,,,,,,,,,,,,,,,,,,,,,,,,,,6,,,,,,,,,,,,,,,,,2,,,2,3,1,,1,,,,,,,,,,,,,,,,,,,,,,,,,50,,,,,,,,3,,,,,,,,,,,,1,,,,,,,,,,,,3,,,,,,,,,,,,,,,,,,,,,,,,,,,,,,,,,,,,1,,,,,,,,
DVA,,,,,,,,,,,,,,,,,,,,,,,,,,,,,,,,,,,,,,,,,,,,,,,,,,,,,,,,,,,,,,,,,,,,10,1,3,,,,,,,,,,,,,,,,,,,12,,14,,,4,,,,,,,,,,,,,,1,,,6,9,1,14,,,,,,,,,,,,,,,,,3,3,,,,,,1,,1,,3,,,,,,,,,,1,,1,,,,,,,4,1,,,,,3
PVWL,,,,,,,,,,,,,,,,,,,,,,,,,,,,,,,,,,,,,,,,,,,,,,,,,,,,,,,,,,,,,,,,,,,,,,,,,,,,,,,,,,,,,,,,,,,,,,,,,,,,,,4,,,,,2,,,,,,,,,,,,,,,,,,,,,,,,4,,,,,,,,,,,,,,,,,,,,,,,,1,,,,,,,,,,,,
PVWR,,,,,,,,,,,,,,,,,,,,,,,,,,,,,,,,,,,,,,,,,,,,,,,,,,,,,,,,,,,,,,,,,,,,,,,,,,,,,,,,,,,,,,,,,,,,,,,,,,,,,,2,1,,,,2,,,,,,,,,,,,,,,,,,,,,,,,,2,,,,,,,,,,,,,,,,,,,,,,,,,,,,,,,,,,,
AN1a*,,3,,,,,,,,,,,,,,,,,,,,,,,,,,,,,,,,,,,,,,,,,,,,,,,,,,,,,,,,,,,,,,,1,,1,,,,,,,,,,,,,,,,,,,1,,1,1,,,,,,,,,,,,,,,,,,,,,,,,,,,,,,,,,2,,3,,,,,,,,,,,,,,,,,,,,,,,,,,,,,,,,,,,,,,,,,,,
AN1b*,19,13,,1,,,,,,,,,,,,,,,,,,,,,,,,,,,,,,,,,,,,,,,,,,,,,,,,,,,,,,,,,,,,,,,,,,,,,,,,1,,,,,,,,,,1,,,,,,,,,,2,,,,,,,,,,,,,,,,,,,,,,,,,5,2,,,,,,2,,,,,,,,,,,,,,,,,1,,,,,,,,,,,,,,,,,,,,,,
AN2a*,,,,,,,,,,,,,,,,,,,,,,,,,,,,,,,,,,,,,,,,,,,,,,,,,,,,,,,,,,,,,1,,,,,4,,,,,,,,,,1,1,,,,,,,,,,16,3,6,,,,,,,,,,1,,,,,,,,,,,,,,,,,,,,,5,,22,,,,,,,,,,,,,,,,,,,,,,,6,,,,,,,,,,,,,,,,1,,2,,,,
AN2b*,,,,,,,,,,,,,,,,,,,,,,,,,,,,,,,,,,,,,,,,,,,,,,,,,,,,,,,,,,,,,1,,2,,,4,,,,,,,,,,,,,,,,,,,,2,16,9,7,,,,,,,,,3,,,,,,,,,,,,,,,,,,,,,2,2,22,,,1,,,,,,,,,,,,,,,,,,,,,2,,,,,,,,,,,,,,,,1,,,1,,,
PVQL,11,,,,,,,,,,,,,,,,,,,,,,,,,,,,,,,,,,,,,,,,,,,,,,,,,,,,,,,,,,,,,,6,5,,,,,,,,,,,,,,,,,,,,,,,,,,,6,,,,,,,,,,,,,,,,,,,,,,,,3,,,,,,,,,65,,,,,,,,,,,,,,,,,,,,,,1,,,,,,,,,,,,,,,,,,,,,
PVQR,,59,,4,,,,,,,,,,,,,,,,,,,,,,,,,,,,,,2,,,,,,,2,,1,,,,,,,,,,,,,,,,,,,,7,7,,,,1,6,,,,,,,,1,,,,,5,,,3,,,,7,,,,,,,,,,,,,,1,,,,,,,,,,,,,,,,3,,,1,65,,,,,,,,,,,,,,,,,,,,,,,,,,,,,,,,,,,,,,,,1,,,,1
AVAL,2,,,,,,,,,,,,,,,,,,,,,,,,,,,,,,,,,,2,,,,,,,,,,,,,,,,,,,,,,,,,,,,1,,,5,,,,,,,,,,,,,,,,,,,,,,,,,,,,,,,,,,,,,,2,1,,2,,,6,,,,,,,,,,,,,,,,90,,,11,17,15,57,3,24,85,6,8,9,,,,7,7,,,1,,8,23,7,,69,20,1,9,,15,,38,16,10,4,,,,,
AVAR,,,,,,,,,,,,,,,,,,,,,,,,,,,,,,,,,,,,,,,,1,,,,,,,,,,,,,,,,,,,,,,,,,,19,,,,,,,,,,,2,,,,,,,,,,,,,,,,,,,4,,,,,,,,3,,,17,,4,,,,,1,,,,,,,,,,,90,,,,39,33,21,69,,14,17,15,5,1,,,,6,,,,,,5,5,7,,26,13,12,9,,5,,2,39,7,,,,,,
AVBL,,,,,,,,,,,,,,,,,,,,,,,,,,,,,,,,,,,,,,,,,,,,,,,,,,,,,,,,,,,,,,,,,,5,,,,,,,,,,,,,,,,,,,,,,,11,,,,,,,18,2,,,,,,,,,,,,,,,,,,,,,,,,,,,,,,,7,,,,,,,1,,,,,,,14,18,,,,,,,1,,,,,,,,,10,13,6,6,,,,,
AVBR,,,,,,,,,,,,,,,,,,,,,,,,,,,,,,,,,,,,,,,,,,,,,,,,,,,,,,,,,,,,,,,,,,6,,,,,,,,,,,,,,,,,,,,,1,,11,,,,,,,2,5,,,,,,,,,,1,,,,,,,,,,,,,2,,,,,,,7,,,,,,,,,,,,,,,9,2,,,,,,1,,,,,,,,,,9,10,4,4,,1,,,
AVDL,,,,,,,,,,,,,,,,,,,,,,,,,,,,,,,,,,,,,,,,,,,,,,,,,,,,,,,,,,,,,,,,,,,,,,,,,,,,,,,,,,,,,,,,,,,,,,,,,,,,,,,,3,,,1,,,,,,,,,,,,,,,,,,11,39,,,,2,,2,,,,,,,,,,,,,,,,,,,,2,,,,,1,,,,,,,,,,
AVDR,,,,,,,,,,,,,,,,,,,,,,,,,,,,,,,,,,,,,,,,,,,,,,,,,,,,,,,,,,,,,,,,,,,,,,,,,,,,,,,,,,,,,,,,,,,,,,,,1,,,,,,,,2,,,2,,,,,,,,,,,,,,,,,,17,33,,,2,,,,,,,,,,,,,,,,,,,,,,,,,,,,,,1,,,,,,,,
PVCL,14,,,,,,,,,,,,,,,,,,,,,,,,,,,,,,,,,,,,,,,,,,,,,,,,,,,,,,,,,,,,,,,,,,,,,,,,,,,,,,,,,,,,,,,,,,,,,,,1,,,,,,,,,,,,,,,,1,,,,3,4,,,,,,,,15,21,,,,,,12,,3,2,,,,,,1,,,,,,,,,,,,,,1,,4,,,1,1,,,,,,
PVCR,,7,,,,,,,,,,,,,,,,,,,,,,,,,,,,,,,,,,,,,,,,,,,,,,,,,,,,,,,,,,,,,,,,,,,,,,,,,,,,,,,,,,,,,,,5,,,,,2,,,1,,,,,1,1,6,1,,,,1,2,2,,3,,,3,,2,,,,,,,57,69,,,2,,12,,,3,3,4,,5,,2,,,,,,,,,,,,2,,1,,,1,,,1,,2,,,,,
DA04,,,,,,,,,,,,,,,,,,,,,,,,,,,,,,,,,,,,,,,,,,,,,,,,,,,,,,,,,,,,,,,,,,,,,,,,,,,,,,,,,,,,,,,,,,,,,,,,,,,,,,,,,,,5,,,,,,,,,,,,,,,,,,3,,,,,,,,,,,,,,,,,,,,,,,,,,,,,,,,,,3,,,,,,,,
DA05,,,,,,,,,,,,,,,,,,,,,,,,,,,,,,,,,,,,,,,,,,,,,,,,,,,,,,,,,,,,,,,,,,,,,,,,,,,,,,,,,,,,,,,,,,,,,,,,,,,,,,,,,,,,,,,,,,,,,,,,,,,,,24,14,,,,,3,3,,3,9,,,,,,,,,,,,,,,,,3,,,,,,,,4,,,,,,,
DA06,,,,,,,,,,,,,,,,,,,,,,,,,,,,,,,,,,,,,,,,,,,,,,,,,,,,,,,,,,,,,,,,,,,,,,,,,,,,,,,,,,,,,,,1,,,,,,,,,,,,,,,,,,,,,,,,,,,,,,,,,,,,,,85,17,1,,,,2,3,,9,,,,,,2,,,,,,,,,,,,2,,,,,,,,2,,,,,,,
DA07,,,,,,,,,,,,,,,,,,,,,,,,,,,,,,,,,,,,,,,,,,,,,,,,,,,,,,,,,,,,,,,,,,,,,,,,,,,,,,,,,,,,,,,,,,,,,,,,,,,,,,,,,,,,,,,,,,,,,,,,,,,,,6,15,,,,,,4,,,,,3,,,,,1,,,,,,,,,,6,2,,,,,,,2,,,,,,,
DA08,,,,,,,,,,,,,,,,,,,,,,,,,,,,,,,,,,,,,,,,,,,,,,,,,,,,,,,,,,,,,,,,,,,,,8,,,,,,,,,,,,,,7,,,,,,,,,,,,,,,,,,,,,,,,,,,,,,,,,,,,,,,,,,8,5,,,,,,,,,,3,,,,,,,,,,,,,,,,5,4,,,,,,,,,,,,,,
DA09,,,,,,,1,,,,,,,,,,3,,,,,,,,,,,,,,,,,,,,,,,,,,,,,,,,,,,,,,,,,,,,,,,,,,,3,,,2,,,,,,,,,,,,,,,,,,2,,,,,1,,,,,,,,,,,,,,,,,,,,,,1,,,,,,,,,9,1,,,,,,5,,,,,,,,,,,,,,,,,,,,,,,,,1,,,,,,,,,,
DB03,,,,,,,,,,,,,,,,,,,,,,,,,,,,,,,,,,,,,,,,,,,,,,,,,,,,,,,,,,,,,,,,,,,,,,,,,,,,,,,,,,,,,,,,,,,,,,,,,,,,,,,,,,,,2,,,,,,1,,,,,,,,,,,,,,,,,,,,,,,,,,,4,1,,,,,,,,,,,,,,9,,2,3,,,,,,,,
DB04,,,,,,,,,,,,,,,,,,,,,,,,,,,,,,,,,,,,,,,,,,,,,,,,,,,,,,,,,,,,,,,,,,,,,,,,,,,,,,,,,,,,,,,,,,,,,,,,,,,,,,,,,,,,,,,,,,,,1,,,,,,,,,,,,,,,,2,,,2,,,,,,,1,,,,,,,,,,,,,,,,,,7,1,,,,,,
DB05,,,,,,,,,,,,,,,,,,,,,,,,,,,,,,,,,,,,,,,,,,,,,,,,,,,,,,,,,,,,,,,,,,,,,,,,,,,,,,,,,,,,,,,,,,,,,,,,,,,,,,,,,,,,,,,,,,,,,,,,,,,,,,,,,,,1,,,,,,,,4,,,,,1,,,,,,,,,,,,7,,16,3,,6,,,,,,
DB06,,,,,,,,,,,,,,,,,,,,,,,,,,,,,,,,,,,,,,,,,,,,,,,,,,,,,,,,,,,,,,,,,,,,,,,,,,,,,,,,,,,,,,,,,,,,,,,,,,,,,,,,,,,,,,,,,,,,3,,,,,,,,,7,6,14,9,,,,,,,,1,,,1,1,,,,,,2,,,,,,,,,,,,,,,1,3,,,,,
DB07,,,,,,,,,,,,,,,,,,,,,,,,,,,,,,,,,,,,,,,,,,,,,,,,,,,,,,,,,,,,,,,,,,,,,,17,,,,,,,,,,,,,,,,,,,,,,,,,,,,,,,,,,,,,,,,,,,,,,,,,,,,,,,7,,18,2,,,,,,,,,,,,,,,,,,,,,,,,,,,,,,,2,,,1,,,,,
DD03,,,,,,,,,,,,,,,,,,,,,,,,,,,,,,,,,,,,,,,,,,,,,,,,,,,,,,,,,,,,,,,,,,,,,,,,1,,,,,,,,,,,,,,,,,,,,,,,,,,,,,,,,,,,,,,,,,,,,,,,,,,,,,,,,,,,,,,,,,,,,,1,,,,,,,,,,,,,,,,,,,,,,,,,,
DD04,,,,,,,,,,,,,,,,,,,,,,,,,,,,,,,,,,,,,,,,,,,,,,,,,,,,,,,,,,,,,1,,13,,,7,,,,,,2,,,,3,2,,,,,,,,2,,,,,,,,,,,,,,,,,,,,,,,,,,,,,,,,,,,1,6,2,,,,,,,,,,,,,,,,,,,,,,,,,,,,,,,,,,,,,,,,,,,,,
DD05,,,,,,,,,,,,,,,,,,,,,,,,,,,,,,,,,,,,,,,,,,,,,,,,,,,,,1,2,,,,,,,,,3,,,4,,,,,,25,,,,9,,,,,,1,,,,5,,,,1,,2,,,,,,1,9,,,,,,,,,,,,,,,,,,,,,,,,1,,1,,,,,,,,,,,,,,,,,2,,,,,7,,,,,,,,,,,,,,,,20,3,,,
DD06,,,,,,,,,,,,,,,,,,,,,,,,,,,,,,,,,1,,,,,,,,,,,,,,,,,,7,,,5,,,1,,1,,,,,,,2,,,,,,2,,,,,,,,,,,,,,,,4,,,,5,,,,,,,,,,,,,,,,,,,,,,,,,,,,,,,,,,,,,,,,,,,,,,,,,,,,,,7,,,,,,,,,,,,,,,,,,,,1,
AS08,,,,,,,,,,,,,,,,,,,,,,,,,,,,,,,,,,,,,,,,,,,,,,,,,,,,,,,,,,,,,,,,,,,,,,,,,,,,,,,,,,,,,,,,,,,,,,,,,,,,,,,,,,,,,,,,,,,,,,,,,,,,,8,5,,,,,,,,,,,,,,,,,,,,,,,,,,,,,9,,,,,,,,,,,,
AS09,,,,,,,,,,,,,,,,,,,,,,,,,,,,,,,,,,,,,,,,,,,,,,,,,,,,,,,,,2,,,,,,,,,,,,,,,,,,,,,,,,,,,,,,,,,,,,,,,,,,,,,,,,,,,,,,,,,,,,,,,,,,,,23,5,,1,,,,,,,,,,,,,,,,,,,,,,,,,,,,,4,,,,,,,,,,
AS10,,,,,,,,,,,,,,,,,,,,,,,,,,,,,,,1,,,,,,,,,,,,,,,,,,,,,,,,,,,,,,,,,,,,,,,,,,,,,,,,,,,,,,,,,,,,,,,,,,,,,3,,,,,,,,,,,,,,,,,,,,,,,,,7,7,1,,,,,,,,,,,,,,,,,,,,,,,,,,,,1,,,,,,,,,,,,
VA08,,,,,,,,,,,,,,,,,,,,,,,,,,,,,,,,,,,,,,,,,,,,,,,,,,,,,,,,,,,,,,,,,,,,,,,,,,,,,,,,,,,,,,,,,,,,,,,,,,,,,,,,,,,,,,,,,,,,,,,,,,,,,,,,,,,,,,,,,,,,,,,,,,,,,,,,,,,,,,,,3,,,,,,,
VA09,,,,,,,,,,,,,,,,,,,,,,,,,,,,,,,,,,,,,,,,,,,,,,,,,,,,,,,,,,,,,,,,,,,,,,,,,,,,,,,,,,,,,,,,,,,,,,,,,,,,,,,,2,2,,,,,,,,,,,1,,,,,,,,,69,26,,,2,,,2,,3,2,6,5,,,,,,,,,,,,,,,,,,1,,,,3,13,,,,,,,
VA10,,,,,,,,,,,,,,,,,,,,,,,,,,,,,,,,,,,,,,,,,,,,,,,,,,,,,,,,,,,,,,,,,,,,,,,,9,,,,,,,,,,,,,,,2,,,,,,,,,,,,,,,,,,,,,,1,,,,,,,,,,,,,,,,20,13,,,,,,,,,,2,4,,,,,,,,,,,,,,,,,15,20,,7,17,22,4,1,,21,,,,
VA11,,,,,,,,,,,,,,,,,,,,,,,,,,,,,,,,,,,,,,,,,,,,,,,,,,,,,,,,,,,,,,,,,,,,,,,,,,,,,,,,,,,,,,,,,,,,,,,1,,,,,,,,,,,,,,,,,,,,,1,,,,,,,,,1,12,,,,,,1,,,,,,,,,,,,,,,,,,,,,15,,17,3,20,1,,1,2,,1,1,,,
VA12,,,,,,,,,,,,,,,,,,,,,,,,,,,,,,,,,,,,,,,,,,,,,,,,,,,,,,,1,,,,,,,,,,,1,,,,,,,,,,,,,,,,,,,,,,,,,,,,,,,,,,,,,,,,,,,,,,,,,,,1,,,,,,,,9,9,,,,,1,,,,,,,,,,,,,,,,,9,,1,,1,20,17,,1,2,5,4,6,1,,,3,,,
VB05,,,,,,,,,,,,,,,,,,,,,,,,,,,,,,,,,,,,,,,,,,,,,,,,,,,,,,,,,,,,,,,,,,,,,,,,,,,,,,,,,,,,,,,,,,,,,,,,,,,,,,,,,,,,,,,,,,1,,,,,,,,,,,,,,,,,,,,,,,,,9,,7,,,,,,,,,,,,,3,1,,,1,5,,,,,,,,
VB06,,,,,,,,,,,,,,,,,,,,,,,,,,,,,,,,,,,,,,,,,,,,,,,,,,,,,,,,,,,,,,,,,,,,,,,,5,,,,,,,,,,,,,,,,,,,,,,,,,,,,,,,,,,,,,,,,,,,,,,,,,,,,,15,5,,,1,,4,1,,,,,,1,,,,,,,,,,,4,,,,7,20,2,,,1,,,5,1,1,,,,
VB07,,,,,,,,,,,,,,,,,,,,,,,,,,,,,,,,,,,,,,,,,,,,,,,,,,,,,,,,,,,,,,,,,,,,,,,,,,,,,,,,,,,,,,,,,,,,,,,,,,,,,,,,,,,,,,,,,,,,,,,,,,,,,,,,,,,,,,,,,,,2,,16,,,,,,,,,,,,17,1,5,1,1,,12,1,,3,1,,,,
VB08,,,,,,,,,,,,,,,,,,,,,,,,,,,,,,,,,,,,,,,,,,,,,,,,,,,,,,,,,,,,,,,2,,,3,,,,,,,,,,,,,,,,,,,,,,,,,1,,,,,,,,,,,,,,2,,,,,,,,,,1,,,,,,,,,,38,2,10,9,,1,,,3,,,,,,3,,3,,2,,,,,,,,,3,22,,4,5,,12,1,17,,,10,1,,,
VB09,,,,,,,,,,,,,,,,,,,,,,,,,,,,,,,,,,,,,,,,,,,,,,,,,,,,,,,,,,,,,,,,5,,,,,,,,,,,,,,,,,,,,,,,,,,,,,,,,,,,,,,,,,,,1,,,,,7,2,,,,,,,,,,,,16,39,13,10,,,1,1,,4,2,2,,,,7,,,,,,,,,,,3,13,4,1,6,,,1,17,,2,1,,1,,,
VB10,,,,,,,,,,,,,,,,,,,,,,,,,,,,,,,,,,,,,,,,,,,,,,,,,,,,,,,,,,,,,,,,,1,,,,,,,,,,,,,,,,,,,,,,,,,,,,,,,,,,,,,,,,,,1,,,,1,4,,,,4,,,,,1,1,,,10,7,6,4,,,1,,,,,,,,,1,6,1,,,,,,,,,,,1,2,1,,5,,,2,,26,,,,,
VB11,,,,,,,,,,,,,,,,,,,,,,,,,,,,,,,,,,,,,,,,,,,,,,,,,,,,,,,,,,,,,,,,,,,,,,1,,,,,,,,,,,,,,,,,2,,,,,,,,,,,,,,,,,,,,,,,,4,,,1,,1,,,,,,,,,4,,6,4,,,,2,,,,,,,,,,3,1,,,,,,,,,,,,,,1,3,,1,26,,,,,,1
VD09,,,,,,,,,,,,,,,,,,,,,,,,,,,,,,,,,,,,,,,,,,,,,,,,,,,,,,,,,,,,,,,,,,,,,,,,11,,,,,,,,,,,,,,,,,,,,58,,,,,,,,,,,,,,,,1,,1,,5,,,,,,,,,2,,,1,,,,,,,,,,,,,,,,,,,,,,20,,,,,,,21,1,,,1,1,10,,,,,15,,,
VD10,,,,,,,,,,,,,,,,,,,,,,,,,,,,,,,,,,,,,,,,,,,,,,,,,,,,,1,1,,,,,,,,,,,,,1,,,,,4,,,,,,,,,,,,,,,,1,,,,8,,,,,,,1,,,,,,,,,,,,,,,,,,,,,,,1,,,,,,1,,,,,,,,,,,,,,,,,,3,,,,,,,,1,3,,,,1,1,,,15,,8,,
VD11,,,,,,,,,,,,,,,,,,,,,,,,,,,,,,,,,,,,,,,,,,,,,,,,,,,,,,3,,,,,,,,,,,,,,,,,,,,,,,,,,,,,,,,,,,,,,1,,,,2,,,,2,,,,,,,,,,,,,,,,,,,,,,,,,,,,,,,,,,,,,,,,,,,,,,,,,,,,,,,,,,,,,,,,8,,18,
VD12,,,,,,,,,,,,,,,,,,,,,,,,,,,,,,,,,,,,,,,,1,,,,,,,,,,,,,,,,,,,,,,,,,,,1,,,,,,,,,,,,,,,,,,,,,,,,,,,,,,1,,,,,,,,,,,,,,,,,,,,,,,,,,,,,,,,,,,,,,,,,,,,,,,,,,1,,,,,,,,,,,,,,,,,,18,,3
VD13,,,,,,,,,,,,,,,,,,,,,,,,,,,,,,,,,,,,,,,,,,,,,,,,,,,,,,,,,,,,,,,,,,,1,4,1,,1,,,,,,,,,,,,,,,,,,2,,2,16,,,,,,,,,,,,,,,,,,,,,,,,3,,,,,,,,1,,,,,,,,,,,,,,,,,,,,,,,,,,,,,,,,,,,,,,1,,,,3,
